Date,Location,Total points,Points flowering,New flowers,Total Flowers
12 Mar 20,3*2ag,8,,0,
12 Mar 20,3*3g,2,,,
12 Mar 20,4*3a,9,,1,
12 Mar 20,4*2a,8,,,
12 Mar 20,5*2a,1,,,
12 Mar 20,5*2ag,3,,,
12 Mar 20,4*3a2g,10,,,
12 Mar 20,5*4a,9,,1,
12 Mar 20,5*4as,5,,,
12 Mar 20,6*5a,1,,,
12 Mar 20,7*3as,5,,,
12 Mar 20,7*3a,5,,,
12 Mar 20,7*2a,1,,,
12 Mar 20,7*a,6,,,
12 Mar 20,6*2a,2,,,
12 Mar 20,7*c,1,,,
12 Mar 20,9*2a,3,,,
12 Mar 20,8*d,2,,,
12 Mar 20,8*3a,3,,,
12 Mar 20,8*3a2s,1,,,
12 Mar 20,10*as,1,,,
12 Mar 20,11*g,1,,,
12 Mar 20,12*g,1,,,
12 Mar 20,13*g,,,,
13 Mar 20,3*2ag,8,,1,
13 Mar 20,3*3g,2,,0,
13 Mar 20,4*3a,9,,0,
13 Mar 20,4*2a,8,,,
13 Mar 20,5*2a,1,,1,
13 Mar 20,5*2ag,3,,,
13 Mar 20,4*3a2g,10,,1,
13 Mar 20,5*4a,9,,1,
13 Mar 20,5*4as,5,,,
13 Mar 20,6*5a,1,,0,
13 Mar 20,7*3as,5,,,
13 Mar 20,7*3a,5,,,
13 Mar 20,7*2a,1,,,
13 Mar 20,7*a,6,,,
13 Mar 20,6*2a,2,,,
13 Mar 20,7*c,1,,,
13 Mar 20,9*2a,3,,,
13 Mar 20,8*d,2,,,
13 Mar 20,8*3a,3,,,
13 Mar 20,8*3a2s,1,,,
13 Mar 20,10*as,1,,,
13 Mar 20,11*g,1,,,
13 Mar 20,12*g,1,,,
13 Mar 20,13*g,4,,,
16 Mar 20,3*2ag,8,,1,
16 Mar 20,3*3g,2,,0,
16 Mar 20,4*3a2g,10,,,
16 Mar 20,4*3a,9,,2,
16 Mar 20,4*2a,8,,1,
16 Mar 20,5*2a,1,,1,
16 Mar 20,5*2ag,3,,,
16 Mar 20,5*4a,9,,3,
16 Mar 20,5*4as,5,,0,
16 Mar 20,6*5a,1,,0,
16 Mar 20,7*3as,5,,,
16 Mar 20,7*3a,5,,,
16 Mar 20,7*2a,1,,,
16 Mar 20,7*a,6,,,
16 Mar 20,6*2a,2,,,
16 Mar 20,7*c,1,,,
16 Mar 20,9*2a,3,,,
16 Mar 20,8*d,2,,,
16 Mar 20,8*4a,3,,,
16 Mar 20,8*4a2s,1,,,
16 Mar 20,10*as,1,,,
16 Mar 20,11*g,1,,,
16 Mar 20,12*2ag,9,,1,
16 Mar 20,12*g,1,,,
16 Mar 20,11*g,2,,,
16 Mar 20,13*g,4,,,
16 Mar 20,15*2d,1,,,
16 Mar 20,17*a,1,,,
16 Mar 20,19*d,7,,,
16 Mar 20,20*a,2,,,
16 Mar 20,23*3a,5,,,
17 Mar 20,3*2ag,8,,3,
17 Mar 20,3*3g,2,,0,
17 Mar 20,4*3a2g,10,,0,
17 Mar 20,4*3a,9,,1,
17 Mar 20,4*2a,8,,0,
17 Mar 20,6*2a,2,,,
17 Mar 20,5*2a,1,,1,
17 Mar 20,5*2ag,3,,0,
17 Mar 20,5*4a,9,,2,
17 Mar 20,5*4as,5,,1,
17 Mar 20,6*5a,1,,1,
17 Mar 20,7*3as,5,,0,
17 Mar 20,7*3a,5,,0,
17 Mar 20,7*2a,1,,0,
17 Mar 20,7*a,6,,0,
17 Mar 20,7*c,1,,0,
17 Mar 20,9*2a,3,,0,
17 Mar 20,8*d,2,,0,
17 Mar 20,8*4a,3,,2,
17 Mar 20,8*4a2s,1,,0,
17 Mar 20,10*as,1,,0,
17 Mar 20,10*s,4,,0,
17 Mar 20,11*g,1,,0,
17 Mar 20,12*g,1,,0,
17 Mar 20,12*2ag,9,,0,
17 Mar 20,13*g,4,,0,
17 Mar 20,15*2d,1,,0,
17 Mar 20,17*a,1,,0,
17 Mar 20,19*d,7,,0,
17 Mar 20,20*a,2,,0,
17 Mar 20,23*3a,5,,0,
18 Mar 20,3*2ag,8,,0,
18 Mar 20,3*3g,2,,0,
18 Mar 20,4*3a2g,10,,0,
18 Mar 20,4*3a,9,,0,
18 Mar 20,4*2a,8,,0,
18 Mar 20,6*2a,2,,0,
18 Mar 20,5*2a,1,,0,
18 Mar 20,5*2ag,3,,0,
18 Mar 20,5*4a,9,,3,
18 Mar 20,5*4as,5,,0,
18 Mar 20,6*5a,1,,0,
18 Mar 20,7*3as,5,,0,
18 Mar 20,7*3a,5,,0,
18 Mar 20,7*2a,1,,0,
18 Mar 20,7*a,6,,0,
18 Mar 20,7*c,1,,0,
18 Mar 20,9*2a,3,,0,
18 Mar 20,8*d,2,,0,
18 Mar 20,8*4a,3,,0,
18 Mar 20,8*4a2s,1,,0,
18 Mar 20,10*as,1,,0,
18 Mar 20,10*s,4,,0,
18 Mar 20,11*g,1,,0,
18 Mar 20,12*g,1,,0,
18 Mar 20,12*2ag,9,,0,
18 Mar 20,13*g,4,,0,
18 Mar 20,15*2d,1,,0,
18 Mar 20,17*a,1,,0,
18 Mar 20,19*d,7,,0,
18 Mar 20,20*a,3,,0,
18 Mar 20,21*g,1,,0,
18 Mar 20,23*3a,5,,0,
19 Mar 20,3*2ag,8,3,2,
19 Mar 20,4*3a2g,10,,0,
19 Mar 20,4*3a,9,2,1,
19 Mar 20,4*2a,8,1,0,
19 Mar 20,3*3g,2,,0,
19 Mar 20,6*2a,2->1,0,0,
19 Mar 20,5*2a,1,1,0,
19 Mar 20,5*2ag,3,0,0,
19 Mar 20,5*4a,9,5,2,
19 Mar 20,5*4as,5,1,1,
19 Mar 20,6*5a,1,1,1,
19 Mar 20,7*3as,5,0,0,
19 Mar 20,7*3a,5,2,2,
19 Mar 20,7*2a,1,1,0,
19 Mar 20,7*a,6,,0,
19 Mar 20,7*c,1,,0,
19 Mar 20,9*2a,3,1,1,
19 Mar 20,8*d,2,0,0,
19 Mar 20,8*4a,3,2,0,
19 Mar 20,8*4a2s,2,0,0,
19 Mar 20,10*as,2,0,0,
19 Mar 20,10*s,6,0,0,
19 Mar 20,11*g,2,0,0,
19 Mar 20,12*g,1,0,0,
19 Mar 20,12*2ag,9,1,0,
19 Mar 20,13*g,4,0,0,
19 Mar 20,15*2d,1,0,0,
19 Mar 20,17*a,1,0,0,
19 Mar 20,19*d,7,0,0,
19 Mar 20,20*a,3,0,0,
19 Mar 20,21*g,1,0,0,
19 Mar 20,23*3a,5,0,0,
20 Mar 20,3*2ag,8,3,3,
20 Mar 20,4*3a2g,10,0,0,
20 Mar 20,4*3a,9,2,1,
20 Mar 20,4*2a,8,1,0,
20 Mar 20,3*3g,2,0,0,
20 Mar 20,6*2a,1,0,0,
20 Mar 20,5*2a,1,1,1,
20 Mar 20,5*2ag,3,0,0,
20 Mar 20,5*4a,9,5,2,
20 Mar 20,6*5a,1,1,1,
20 Mar 20,5*4as,5,1,0,
20 Mar 20,7*3as,5,0,0,
20 Mar 20,7*3a,5,2,2,
20 Mar 20,7*2a,1,1,0,
20 Mar 20,7*a,6,0,0,
20 Mar 20,7*c,1,0,0,
20 Mar 20,9*2a,3,1,0,
20 Mar 20,8*d,2,0,0,
20 Mar 20,8*4a,3,2,1,
20 Mar 20,8*4a2s,2,0,0,
20 Mar 20,10*as,2,0,0,
20 Mar 20,10*s,6,0,0,
20 Mar 20,11*g,2,0,0,
20 Mar 20,12*g,1,0,0,
20 Mar 20,12*2ag,9,1,0,
20 Mar 20,13*g,4,0,0,
20 Mar 20,15*2d,1,0,0,
20 Mar 20,17*a,1,0,0,
20 Mar 20,19*d,7,0,0,
20 Mar 20,20*a,3,0,0,
20 Mar 20,21*g,1,0,0,
20 Mar 20,23*3a,5,0,0,
21 Mar 20,3*2ag,8,3,1,
21 Mar 20,4*3a2g,10,0,0,
21 Mar 20,4*3a,9,2,1,
21 Mar 20,4*2a,8,1,0,
21 Mar 20,3*3g,2,0,0,
21 Mar 20,6*2a,1,0,0,
21 Mar 20,5*2a,1,1,1,
21 Mar 20,5*2ag,3,0,0,
21 Mar 20,5*4a,9,5,4,
21 Mar 20,6*5a,1,1,1,
21 Mar 20,5*4as,5,1,1,
21 Mar 20,7*3as,5,0,0,
21 Mar 20,7*3a,5,2,0,
21 Mar 20,7*2a,1,1,1,
21 Mar 20,7*a,6,0,0,
21 Mar 20,7*c,1,0,0,
21 Mar 20,9*2a,3,1,0,
21 Mar 20,8*d,2,0,0,
21 Mar 20,8*4a,3,2,0,
21 Mar 20,8*4a2s,2,0,0,
21 Mar 20,10*as,2,0,0,
21 Mar 20,10*s,6,0,0,
21 Mar 20,12*2ag,9,1,1,
21 Mar 20,11*g,2,0,0,
21 Mar 20,12*g,1,0,0,
21 Mar 20,13*g,4,0,0,
21 Mar 20,15*2d,1,0,0,
21 Mar 20,17*a,1,0,0,
21 Mar 20,19*d,7,0,0,
21 Mar 20,20*a,3,1,1,
21 Mar 20,21*g,1,0,0,
21 Mar 20,23*3a,5,0,0,
22 Mar 20,3*2ag,8,3,1,
22 Mar 20,4*3a2g,11,0,0,
22 Mar 20,4*3a,9,2,1,
22 Mar 20,4*2a,8,1,0,
22 Mar 20,3*3g,2,0,0,
22 Mar 20,6*2a,1,0,0,
22 Mar 20,5*2a,1,1,1,
22 Mar 20,5*2ag,3,0,0,
22 Mar 20,5*4a,9,5,4,
22 Mar 20,6*5a,1,1,0,
22 Mar 20,5*4as,5,1,0,
22 Mar 20,7*3as,5,0,0,
22 Mar 20,7*3a,5,2,0,
22 Mar 20,7*2a,1,1,0,
22 Mar 20,7*a,6,0,0,
22 Mar 20,7*c,1,0,0,
22 Mar 20,9*2a,3,1,2,
22 Mar 20,8*d,2,0,0,
22 Mar 20,8*4a,3,2,0,
22 Mar 20,8*4a2s,2,0,0,
22 Mar 20,12*2ag,9,1,0,
22 Mar 20,10*as,2,0,0,
22 Mar 20,10*s,6,0,0,
22 Mar 20,11*g,2,0,0,
22 Mar 20,12*g,1,0,0,
22 Mar 20,13*g,4,0,0,
22 Mar 20,15*2d,1,0,0,
22 Mar 20,17*a,1,0,0,
22 Mar 20,19*d,7,0,0,
22 Mar 20,20*a,3,1,0,
22 Mar 20,21*g,1,0,0,
22 Mar 20,23*3a,5,0,0,
23 Mar 20,3*2ag,8,3,1,
23 Mar 20,4*3a2g,11,0,0,
23 Mar 20,4*3a,9,2,1,
23 Mar 20,4*2a,8,1,1,
23 Mar 20,3*3g,2,0,0,
23 Mar 20,6*2a,1,0,0,
23 Mar 20,5*2a,1,1,1,
23 Mar 20,5*2ag,3,0,0,
23 Mar 20,5*4a,9,5,3,
23 Mar 20,6*5a,1,1,1,
23 Mar 20,5*4as,5,1,1,
23 Mar 20,7*3as,5,0,0,
23 Mar 20,7*3a,5,2,0,
23 Mar 20,7*2a,1,1,1,
23 Mar 20,7*a,6,0,0,
23 Mar 20,7*c,1,0,0,
23 Mar 20,9*2a,3,1,0,
23 Mar 20,8*d,2,0,0,
23 Mar 20,8*4a,3,2,3,
23 Mar 20,8*4a2s,2,0,0,
23 Mar 20,12*2ag,9,1,0,
23 Mar 20,10*as,2,0,0,
23 Mar 20,10*s,6,0,0,
23 Mar 20,11*g,2,0,0,
23 Mar 20,12*g,1,0,0,
23 Mar 20,13*g,4,0,0,
23 Mar 20,15*2d,1,0,0,
23 Mar 20,17*a,1,0,0,
23 Mar 20,19*d,7,0,0,
23 Mar 20,20*a,3,1,1,
23 Mar 20,21*g,1,0,0,
23 Mar 20,23*3a,5,0,0,
24 Mar 20,3*2ag,8,3,2,
24 Mar 20,4*3a2g,11,0,0,
24 Mar 20,4*3a,9,2,2,
24 Mar 20,4*2a,8,1,1,
24 Mar 20,3*3g,2,0,0,
24 Mar 20,6*2a,1,0,0,
24 Mar 20,5*2a,1,1,1,
24 Mar 20,5*2ag,3,0,0,
24 Mar 20,5*4a,9,5,5,
24 Mar 20,6*5a,1,1,1,
24 Mar 20,5*4as,5,1,0,
24 Mar 20,7*3as,5,0,0,
24 Mar 20,7*3a,5,2,1,
24 Mar 20,7*2a,1,1,0,
24 Mar 20,7*a,6,0,0,
24 Mar 20,7*c,1,0,0,
24 Mar 20,9*2a,3,1,2,
24 Mar 20,8*d,2,0,0,
24 Mar 20,8*4a,3,2,2,
24 Mar 20,8*4a2s,2,0,0,
24 Mar 20,12*2ag,9,1,0,
24 Mar 20,10*as,2,0,0,
24 Mar 20,10*s,6,0,0,
24 Mar 20,11*g,2,0,0,
24 Mar 20,12*g,1,0,0,
24 Mar 20,13*g,4,0,0,
24 Mar 20,15*2d,1,0,0,
24 Mar 20,17*a,1,0,0,
24 Mar 20,19*d,7,0,0,
24 Mar 20,20*a,3,1,1,
24 Mar 20,21*g,1,0,0,
24 Mar 20,23*3a,5,0,0,
25 Mar 20,3*2ag,8,3,0,
25 Mar 20,4*3a2g,11,0,0,
25 Mar 20,4*3a,9,2,0,
25 Mar 20,4*2a,8,1,1,
25 Mar 20,3*3g,2,0,0,
25 Mar 20,6*2a,1,0,0,
25 Mar 20,5*2a,1,1,0,
25 Mar 20,5*2ag,3,0,0,
25 Mar 20,5*4a,9,5,2,
25 Mar 20,6*5a,1,1,0,
25 Mar 20,5*4as,5,1,1,
25 Mar 20,7*3a3s,1,0,0,
25 Mar 20,8*4a2s,2,0,0,
25 Mar 20,7*3a2s,1,0,0,
25 Mar 20,7*3as,5,0,0,
25 Mar 20,7*3a,5->2,2,0,
25 Mar 20,8*4a,3,2,1,
25 Mar 20,7*2a,1,1,1,
25 Mar 20,7*a,6,0,0,
25 Mar 20,8*d,2,0,0,
25 Mar 20,7*c,1,0,0,
25 Mar 20,9*2a,3,1,2,
25 Mar 20,10*s,6->8,0,0,
25 Mar 20,12*2ag,9,2,2,
25 Mar 20,10*as,2->3,0,0,
25 Mar 20,10*2a,1,0,0,
25 Mar 20,11*g,2->3,0,0,
25 Mar 20,12*g,1,0,0,
25 Mar 20,13*g,4,0,0,
25 Mar 20,15*2d,1,1,1,
25 Mar 20,16*m,1,0,0,
25 Mar 20,17*a,1,0,0,
25 Mar 20,19*d,7,0,0,
25 Mar 20,20*a,3,1,1,
25 Mar 20,21*g,1,0,0,
25 Mar 20,23*3a,5,0,0,
26 Mar 20,3*2ag,8,3,2,
26 Mar 20,4*3a2g,11,0,0,
26 Mar 20,4*3a,9,2,2,
26 Mar 20,4*2a,8,1,2,
26 Mar 20,3*3g,2,0,0,
26 Mar 20,6*2a,1,0,0,
26 Mar 20,5*2a,1,1,0,
26 Mar 20,5*2ag,3,0,0,
26 Mar 20,5*3as,1,0,0,
26 Mar 20,5*4a,9,5,4,
26 Mar 20,6*5a,1,1,1,
26 Mar 20,5*4as,5,1,0,
26 Mar 20,7*3a3s,1,0,0,
26 Mar 20,8*4a2s,2,0,0,
26 Mar 20,7*3a2s,1,0,0,
26 Mar 20,7*3as,5,0,0,
26 Mar 20,7*3a,2,2,0,
26 Mar 20,8*4a,3,2,2,
26 Mar 20,7*2a,1,1,1,
26 Mar 20,7*a,6,0,0,
26 Mar 20,8*d,2,0,0,
26 Mar 20,7*c,1,0,0,
26 Mar 20,9*2a,3,1,1,
26 Mar 20,10*s,8,0,0,
26 Mar 20,10*as,3,0,0,
26 Mar 20,10*2a,1,0,0,
26 Mar 20,12*2ag,9,2,1,
26 Mar 20,11*g,3,0,0,
26 Mar 20,12*g,1,0,0,
26 Mar 20,13*g,4,0,0,
26 Mar 20,15*2d,1->2,1,0,
26 Mar 20,16*m,1,0,0,
26 Mar 20,17*a,1,0,0,
26 Mar 20,19*d,7,0,0,
26 Mar 20,19*2d,1,0,0,
26 Mar 20,20*a,3,1,1,
26 Mar 20,21*g,1,0,0,
26 Mar 20,23*3a,5,0,0,
27 Mar 20,3*2ag,8,3,2,
27 Mar 20,4*3a2g,11,0,0,
27 Mar 20,4*3a,9,2,2,
27 Mar 20,4*2a,8,1,0,
27 Mar 20,3*3g,2,0,0,
27 Mar 20,6*2a,1,0,0,
27 Mar 20,5*2a,1,1,1,
27 Mar 20,5*2ag,3,0,0,
27 Mar 20,5*3as,1,0,0,
27 Mar 20,5*4a,9,5,4,
27 Mar 20,6*5a,1,1,0,
27 Mar 20,5*4as,5,1,1,
27 Mar 20,7*3a3s,1,0,0,
27 Mar 20,8*4a2s,2->3,0,0,
27 Mar 20,7*3a2s,1,0,0,
27 Mar 20,7*3as,5,0,0,
27 Mar 20,7*3a,2,2,0,
27 Mar 20,8*4a,3,2,1,
27 Mar 20,7*2a,1->2,1,0,
27 Mar 20,7*a,6,0,0,
27 Mar 20,8*d,2,0,0,
27 Mar 20,7*c,1,0,0,
27 Mar 20,9*2a,3,1,0,
27 Mar 20,10*s,8,0,0,
27 Mar 20,10*as,3,0,0,
27 Mar 20,10*2a,1,0,0,
27 Mar 20,12*2ag,9,2,1,
27 Mar 20,11*g,3,0,0,
27 Mar 20,12*g,1,0,0,
27 Mar 20,13*g,4,0,0,
27 Mar 20,15*2d,1->2,1,1,
27 Mar 20,16*m,1,0,0,
27 Mar 20,17*a,1,0,0,
27 Mar 20,19*d,7,0,0,
27 Mar 20,19*2d,1,0,0,
27 Mar 20,20*a,3,1,1,
27 Mar 20,21*g,1,0,0,
27 Mar 20,23*3a,5,0,0,
28 Mar 20,3*2ag,8,3,0,
28 Mar 20,4*3a2g,11->12,0,0,
28 Mar 20,4*3a,9,2,1,
28 Mar 20,4*2a,8,2,2,
28 Mar 20,3*3g,2,0,0,
28 Mar 20,6*2a,1,0,0,
28 Mar 20,5*2a,1,1,1,
28 Mar 20,5*2ag,3,0,0,
28 Mar 20,5*3as,1,0,0,
28 Mar 20,5*4a,9,5,1,
28 Mar 20,6*5a,1,1,1,
28 Mar 20,5*4as,5,1,1,
28 Mar 20,7*3a3s,1,0,0,
28 Mar 20,8*4a2s,3,0,0,
28 Mar 20,7*3a2s,1,0,0,
28 Mar 20,7*3as,5,0,0,
28 Mar 20,7*3a,2,2,1,
28 Mar 20,8*4a,3,2,0,
28 Mar 20,7*2a,2,1,1,
28 Mar 20,7*a,6,0,0,
28 Mar 20,8*d,2,0,0,
28 Mar 20,7*c,1,0,0,
28 Mar 20,9*2a,3,1,1,
28 Mar 20,10*s,8,0,0,
28 Mar 20,10*as,3->6,0,0,
28 Mar 20,10*2a,1,0,0,
28 Mar 20,12*2ag,9,2,3,
28 Mar 20,11*g,3,0,0,
28 Mar 20,12*g,1,0,0,
28 Mar 20,13*g,4,0,0,
28 Mar 20,15*2d,2,1,0,
28 Mar 20,16*m,1,0,0,
28 Mar 20,17*a,1,0,0,
28 Mar 20,19*d,7,0,0,
28 Mar 20,19*2d,1,0,0,
28 Mar 20,20*a,3,1,1,
28 Mar 20,21*g,1,0,0,
28 Mar 20,23*3a,5,0,0,
29 Mar 20,3*2ag,8,3,3,
29 Mar 20,4*3a2g,12,0,0,
29 Mar 20,4*3a,9,2,1,
29 Mar 20,4*2a,8,2,2,
29 Mar 20,3*3g,2,0,0,
29 Mar 20,6*2a,1,0,0,
29 Mar 20,5*2a,1,1,1,
29 Mar 20,5*2ag,3,0,0,
29 Mar 20,5*3as,1,0,0,
29 Mar 20,5*4a,9,5->6,9,
29 Mar 20,6*5a,1->2,1,1,
29 Mar 20,5*4as,5,1,0,
29 Mar 20,7*3a3s,1,0,0,
29 Mar 20,8*4a2s,3,0,0,
29 Mar 20,7*3a2s,1,0,0,
29 Mar 20,7*3as,5,0,0,
29 Mar 20,7*3a,2,2,0,
29 Mar 20,8*4a,3,2,3,
29 Mar 20,7*2a,2,1,1,
29 Mar 20,7*a,6,0,0,
29 Mar 20,8*d,2,0,0,
29 Mar 20,7*c,1,0,0,
29 Mar 20,9*2a,3,1,0,
29 Mar 20,10*s,8,0,0,
29 Mar 20,10*as,6->7,0,0,
29 Mar 20,10*2a,1,0,0,
29 Mar 20,12*2ag,9,2,4,
29 Mar 20,11*g,3,0,0,
29 Mar 20,12*g,1,0,0,
29 Mar 20,13*g,4,0,0,
29 Mar 20,15*2d,2->3,1,1,
29 Mar 20,16*m,1,0,0,
29 Mar 20,17*a,1,0,0,
29 Mar 20,19*d,7,0,0,
29 Mar 20,19*2d,1,0,0,
29 Mar 20,20*a,3,1,1,
29 Mar 20,21*g,1,0,0,
29 Mar 20,23*3a,5,0,0,
30 Mar 20,3*2ag,8,3->5,4,
30 Mar 20,4*3a2g,12,0,0,
30 Mar 20,4*3a,9,2,3,
30 Mar 20,4*2a,8->9,2,1,
30 Mar 20,3*3g,2,0,0,
30 Mar 20,6*2a,1,0,0,
30 Mar 20,5*2a,1,1,0,
30 Mar 20,5*2ag,3,0,0,
30 Mar 20,5*3as,1,0,0,
30 Mar 20,5*4a,9,6,2,
30 Mar 20,6*5a,2,1,1,
30 Mar 20,5*4as,5,1,1,
30 Mar 20,7*3a3s,1,0,0,
30 Mar 20,8*4a2s,3,0,0,
30 Mar 20,7*3a2s,1->2,0,0,
30 Mar 20,7*3as,5,0,0,
30 Mar 20,7*3a,2,2,1,
30 Mar 20,8*4a,3,2,2,
30 Mar 20,7*2a,2,1,1,
30 Mar 20,7*a,6,0,0,
30 Mar 20,8*d,2,0,0,
30 Mar 20,7*c,1,0,0,
30 Mar 20,9*2a,3,1,1,
30 Mar 20,10*s,8,0,0,
30 Mar 20,10*as,7,0,0,
30 Mar 20,10*2a,1,0,0,
30 Mar 20,12*2ag,9,2,0,
30 Mar 20,11*g,3,0,0,
30 Mar 20,12*g,1,0,0,
30 Mar 20,13*g,4,0,0,
30 Mar 20,15*2d,3,1,0,
30 Mar 20,16*m,1,0,0,
30 Mar 20,17*a,1,0,0,
30 Mar 20,19*d,7,0,0,
30 Mar 20,19*2d,1,0,0,
30 Mar 20,20*a,3,1,1,
30 Mar 20,21*g,1->2,0,0,
30 Mar 20,23*3a,5,0,0,
31 Mar 20,3*2ag,8,5,2,"2,5,4,1,1"
31 Mar 20,4*3a2g,12,1,1,0
31 Mar 20,4*3a,9,2,2,"6,4"
31 Mar 20,4*2a,9,2,1,"5,4"
31 Mar 20,3*3g,2,0,0,
31 Mar 20,6*2a,1,1,1,0
31 Mar 20,5*2a,1,1,0,4
31 Mar 20,5*2ag,3,1,1,0
31 Mar 20,5*3as,1,0,0,
31 Mar 20,5*4a,9,6,4,"1,3,5,6,8,5"
31 Mar 20,6*5a,2,1,1,5
31 Mar 20,5*4as,5,1,1,6
31 Mar 20,7*3a3s,1,0,0,
31 Mar 20,8*4a2s,3,0,0,
31 Mar 20,7*3a2s,2,0,0,
31 Mar 20,7*3as,5,0,0,
31 Mar 20,7*3a,2,2,1,3
31 Mar 20,8*4a,3,2,1,610
31 Mar 20,7*2a,2,1,0,5
31 Mar 20,7*a,6,1,1,0
31 Mar 20,8*d,2,0,0,
31 Mar 20,7*c,1,0,0,1
31 Mar 20,9*2a,3,1,1,5
31 Mar 20,10*s,8,0,0,
31 Mar 20,10*as,7,0,0,
31 Mar 20,10*2a,1,0,0,
31 Mar 20,12*2ag,9,6,2,"1,5,1,3,1"
31 Mar 20,11*g,3,0,0,
31 Mar 20,12*g,1,0,0,
31 Mar 20,13*g,4,0,0,
31 Mar 20,15*2d,3,1,1,1
31 Mar 20,16*m,1,0,0,
31 Mar 20,17*a,1,0,0,
31 Mar 20,19*d,7,0,0,
31 Mar 20,19*2d,1,0,0,
31 Mar 20,20*a,3,1,1,6
31 Mar 20,21*g,2,0,0,
31 Mar 20,23*3a,5,0,0,
1 Apr 20,3*2ag,8,5,2,
1 Apr 20,4*3a2g,12,1,1,
1 Apr 20,4*3a,9,2,2,
1 Apr 20,4*2a,9,2,2,
1 Apr 20,3*3g,2,0,0,
1 Apr 20,6*2a,1,1,0,
1 Apr 20,5*2a,1,1,1,
1 Apr 20,5*2ag,3,1,0,
1 Apr 20,5*3as,1,0,0,
1 Apr 20,5*4a,9,6,4,
1 Apr 20,6*5a,2,1,0,
1 Apr 20,5*4as,5,1,0,
1 Apr 20,7*3a3s,1,0,0,
1 Apr 20,8*4a2s,3,0,0,
1 Apr 20,7*3a2s,2,0,0,
1 Apr 20,7*3as,5,0,0,
1 Apr 20,7*3a,2,2,1,
1 Apr 20,8*4a,3,3,2,
1 Apr 20,7*2a,2,1,2,
1 Apr 20,7*a,6,1,0,
1 Apr 20,8*d,2,0,0,
1 Apr 20,7*c,1,0,0,
1 Apr 20,9*2a,3,1,1,
1 Apr 20,10*s,8,0,0,
1 Apr 20,10*as,7,0,0,
1 Apr 20,10*2a,1,0,0,
1 Apr 20,12*2ag,9,6,2,
1 Apr 20,11*g,3,0,0,
1 Apr 20,12*g,1,0,0,
1 Apr 20,13*g,4,1,1,
1 Apr 20,15*2d,3,1,1,
1 Apr 20,16*m,1,0,0,
1 Apr 20,17*a,1,0,0,
1 Apr 20,19*d,7,0,0,
1 Apr 20,19*2d,1,0,0,
1 Apr 20,20*a,3,1,1,
1 Apr 20,21*g,2,0,0,
1 Apr 20,23*3a,5,0,0,
1 Apr 20,25*3g,1,0,0,
2 Apr 20,3*2ag,8,6,3,
2 Apr 20,4*3a2g,12,1->5,5,
2 Apr 20,4*3a,9,2->4,4,
2 Apr 20,4*2a,9,2->3,2,
2 Apr 20,3*3g,2,0,0,
2 Apr 20,6*2a,1,1,1,
2 Apr 20,5*2a,1,1,1,
2 Apr 20,5*2ag,3,1,1,
2 Apr 20,5*3as,1,0,0,
2 Apr 20,5*4a,9,6->8,7,
2 Apr 20,6*5a,2,1,1,
2 Apr 20,5*4as,5,1,1,
2 Apr 20,7*3a3s,1,0,0,
2 Apr 20,8*4a2s,3,0,0,
2 Apr 20,7*3a2s,2,0,0,
2 Apr 20,7*3as,5,0,0,
2 Apr 20,7*3a,2,2,0,
2 Apr 20,8*4a,3,3,3,
2 Apr 20,7*2a,2,1,0,
2 Apr 20,7*a,6,2,2,
2 Apr 20,8*d,2,0,0,
2 Apr 20,7*c,1,0,0,
2 Apr 20,9*2a,3,1,0,
2 Apr 20,10*s,8,0,0,
2 Apr 20,10*as,7,0->1,1,
2 Apr 20,10*2a,1,0,0,
2 Apr 20,12*2ag,9,6,3,
2 Apr 20,11*g,3,0,0,
2 Apr 20,12*g,1,0->1,1,
2 Apr 20,13*g,4,1,0,
2 Apr 20,15*2d,3,1,1,
2 Apr 20,16*m,1,0,0,
2 Apr 20,17*a,1,0,0,
2 Apr 20,19*d,7,0,0,
2 Apr 20,19*2d,1,0,0,
2 Apr 20,20*a,3,1,0,
2 Apr 20,21*g,2,0,0,
2 Apr 20,23*3a,5,0->3,1,
2 Apr 20,25*3g,1,0,0,
3 Apr 20,3*2ag,8,6,5,
3 Apr 20,4*3a2g,12,6,4,
3 Apr 20,4*3a,9,5,1,
3 Apr 20,4*2a,9,3,2,
3 Apr 20,3*3g,2,0,0,
3 Apr 20,6*2a,1,1,0,
3 Apr 20,5*2a,1,1,1,
3 Apr 20,5*2ag,3,1,1,
3 Apr 20,5*3as,1,0,0,
3 Apr 20,5*4a,9,8,6,
3 Apr 20,6*5a,2,1,1,
3 Apr 20,5*4as,5,1,1,
3 Apr 20,7*3a3s,1,0,0,
3 Apr 20,8*4a2s,3,0,0,
3 Apr 20,7*3a2s,2,0,0,
3 Apr 20,7*3as,5,0,0,
3 Apr 20,7*3a,2,2,1,
3 Apr 20,8*4a,3,3,2,
3 Apr 20,7*2a,2,1,1,
3 Apr 20,7*a,6,2,2,
3 Apr 20,8*d,2,0->1,1,
3 Apr 20,7*c,1,0,0,
3 Apr 20,9*2a,3,1,1,
3 Apr 20,10*s,8,0,0,
3 Apr 20,10*as,7,1->2,1,
3 Apr 20,10*2a,1,0,0,
3 Apr 20,12*2ag,9,6,4,
3 Apr 20,11*g,3,0,0,
3 Apr 20,12*g,1,1,0,
3 Apr 20,13*g,4,1,0,
3 Apr 20,15*2d,3,1,1,
3 Apr 20,16*m,1,0,0,
3 Apr 20,17*a,1,0,0,
3 Apr 20,19*d,7,0,0,
3 Apr 20,19*2d,1,0,0,
3 Apr 20,20*a,3,1,1,
3 Apr 20,21*g,2,0,0,
3 Apr 20,23*3a,5,3,1,
3 Apr 20,25*3g,1,0,0,
4 Apr 20,3*2ag,8,6->7,7,
4 Apr 20,4*3a2g,12,6->7,6,
4 Apr 20,4*3a,9,5->7,5,
4 Apr 20,4*2a,9,3,2,
4 Apr 20,3*3g,2,0,0,
4 Apr 20,6*2a,1,1,1,
4 Apr 20,5*2a,1,1,0,
4 Apr 20,5*2ag,3,1->3,3,
4 Apr 20,5*3as,1,0,0,
4 Apr 20,5*4a,9,8,6,
4 Apr 20,6*5a,2,1,0,
4 Apr 20,5*4as,5,1->2,2,
4 Apr 20,7*3a3s,1,0,0,
4 Apr 20,8*4a2s,3,0,0,
4 Apr 20,7*3a2s,2,0,0,
4 Apr 20,7*3as,5,0,0,
4 Apr 20,7*3a,2,2,1,
4 Apr 20,8*4a,3,3,1,
4 Apr 20,7*2a,2,1,0,
4 Apr 20,7*a,6,2->4,3,
4 Apr 20,8*d,2,1,1,
4 Apr 20,7*c,1,0,0,
4 Apr 20,9*2a,3,1,1,
4 Apr 20,10*s,8->9,0,0,
4 Apr 20,10*as,7,1->2,0,
4 Apr 20,10*2a,1,0,0,
4 Apr 20,12*2ag,9,6->7,4,
4 Apr 20,11*g,3,0,0,
4 Apr 20,12*g,1,1,1,
4 Apr 20,13*g,4,1->2,2,
4 Apr 20,15*2d,3,1,0,
4 Apr 20,16*m,1,0,0,
4 Apr 20,17*a,1,0,0,
4 Apr 20,19*d,7,0->1,1,
4 Apr 20,19*2d,1,0,0,
4 Apr 20,20*a,3,1,1,
4 Apr 20,21*g,2,0,0,
4 Apr 20,23*3a,5,3,2,
4 Apr 20,25*3g,1,0,0,
5 Apr 20,3*2ag,8,8,2,
5 Apr 20,4*3a2g,12,7->8,4,
5 Apr 20,4*3a,9,7->8,6,
5 Apr 20,4*2a,9,3,2,
5 Apr 20,3*3g,2,0->1,2,
5 Apr 20,6*2a,1,1,1,
5 Apr 20,5*2a,1,1,1,
5 Apr 20,5*2ag,3,3,0,
5 Apr 20,5*3as,1,0,0,
5 Apr 20,5*4a,9,8->9,6,
5 Apr 20,6*5a,2,1,1,
5 Apr 20,5*4as,5,2,0,
5 Apr 20,7*3a3s,1,0,0,
5 Apr 20,8*4a2s,3,0,0,
5 Apr 20,7*3a2s,2,0,0,
5 Apr 20,7*3as,5,0,0,
5 Apr 20,7*3a,2,2,0,
5 Apr 20,8*4a,3,3,3,
5 Apr 20,7*2a,2,1,0,
5 Apr 20,7*a,6,4->5,1,
5 Apr 20,8*d,2,1,0,
5 Apr 20,7*c,1,0,0,
5 Apr 20,9*2a,3,1,1,
5 Apr 20,10*s,8->9,0,0,
5 Apr 20,10*as,7,2,1,
5 Apr 20,10*2a,1,0,0,
5 Apr 20,12*2ag,9,7->9,5,
5 Apr 20,11*g,3,0,0,
5 Apr 20,12*g,1,1,0,
5 Apr 20,13*g,4,2,1,
5 Apr 20,15*2d,3,1,0,
5 Apr 20,16*m,1,0,0,
5 Apr 20,17*a,1,0,0,
5 Apr 20,19*d,7,1,0,
5 Apr 20,19*2d,1,0,0,
5 Apr 20,19*m,2,0,0,
5 Apr 20,20*a,3,1,0,
5 Apr 20,21*g,2,0,0,
5 Apr 20,23*3a,5,3,2,
5 Apr 20,25*3g,1,0,0,
6 Apr 20,3*2ag,8,8,8,
6 Apr 20,4*3a2g,12,8,7,
6 Apr 20,4*3a,9,8,4,
6 Apr 20,4*2a,9,3->4,1,
6 Apr 20,3*3g,2,1->2,1,
6 Apr 20,6*2a,1,1,0,
6 Apr 20,5*2a,1,1,1,
6 Apr 20,5*2ag,3,3,0,
6 Apr 20,5*3as,1,0,0,
6 Apr 20,5*4a,9,9,4,
6 Apr 20,6*5a,2,1,0,
6 Apr 20,5*4as,5,2,1,
6 Apr 20,7*3a3s,1,0,0,
6 Apr 20,8*4a2s,3,0,0,
6 Apr 20,7*3a2s,2,0,0,
6 Apr 20,7*3as,5,0,0,
6 Apr 20,7*3a,2,2,2,
6 Apr 20,8*4a,3,3,2,
6 Apr 20,7*2a,2,1,0,
6 Apr 20,7*a,6,5->6,6,
6 Apr 20,8*d,2,1->2,2,
6 Apr 20,7*c,1,0,0,
6 Apr 20,9*2a,3,1,0,
6 Apr 20,10*s,8->9,0,0,
6 Apr 20,10*as,7,2,2,
6 Apr 20,10*2a,1,0,0,
6 Apr 20,12*2ag,9,9,6,
6 Apr 20,11*g,3,0,0,
6 Apr 20,12*g,1,1,0,
6 Apr 20,13*g,4,2,2,
6 Apr 20,15*2d,3,1,0,
6 Apr 20,16*m,1,0,0,
6 Apr 20,17*a,1,0,0,
6 Apr 20,19*d,7,1->2,1,
6 Apr 20,19*2d,1,0,0,
6 Apr 20,19*m,2,0,0,
6 Apr 20,20*a,3,1->2,2,
6 Apr 20,21*g,2,0,0,
6 Apr 20,23*3a,5,3->4,3,
6 Apr 20,25*3g,1,0,0,
7 Apr 20,3*2ag,8,8,4,
7 Apr 20,4*3a2g,12,8,9,
7 Apr 20,4*3a,9->10,8->9,5,
7 Apr 20,4*2a,9,4->5,4,
7 Apr 20,3*3g,2,2,2,
7 Apr 20,6*2a,1,1,0,
7 Apr 20,5*2a,1,1,1,
7 Apr 20,5*2ag,3,3,1,
7 Apr 20,5*3as,1,0,0,
7 Apr 20,5*4a,9,9,7,
7 Apr 20,6*5a,2,1,1,
7 Apr 20,5*4as,5,2->4,4,
7 Apr 20,7*3a3s,1,0,0,
7 Apr 20,8*4a2s,3,0,0,
7 Apr 20,7*3a2s,2,0,0,
7 Apr 20,7*3as,5,0,0,
7 Apr 20,7*3a,2,2,0,
7 Apr 20,8*4a,3,3,2,
7 Apr 20,7*2a,2,1,0,
7 Apr 20,7*a,6,6,4,
7 Apr 20,8*d,2,2,1,
7 Apr 20,7*c,1,1,0,
7 Apr 20,9*2a,3,1,1,
7 Apr 20,10*s,9,0,0,
7 Apr 20,10*as,7,2->3,2,
7 Apr 20,10*2a,1,0,0,
7 Apr 20,12*2ag,9,9,10,
7 Apr 20,11*g,3,0,0,
7 Apr 20,12*g,1,1,1,
7 Apr 20,13*g,4,2,2,
7 Apr 20,15*2d,3,1,0,
7 Apr 20,16*m,1,0,0,
7 Apr 20,17*a,1,0,0,
7 Apr 20,19*d,7,2->3,2,
7 Apr 20,19*2d,1,0,0,
7 Apr 20,19*m,2,0,0,
7 Apr 20,20*a,3,2->3,2,
7 Apr 20,21*g,2,0,0,
7 Apr 20,23*3a,5,4,3,
7 Apr 20,25*3g,1,0,0,
8 Apr 20,3*2ag,8,8,3,
8 Apr 20,4*3a2g,12,8,3,
8 Apr 20,4*3a,10,9,5,
8 Apr 20,4*2a,9,5,0,
8 Apr 20,3*3g,2,2,0,
8 Apr 20,6*2a,1,1,0,
8 Apr 20,5*2a,1,1,1,
8 Apr 20,5*2ag,3,3,2,
8 Apr 20,5*3as,1,0,0,
8 Apr 20,5*4a,9,9,7,
8 Apr 20,6*5a,2,1,1,
8 Apr 20,5*4as,5,4,1,
8 Apr 20,7*3a3s,1,0,0,
8 Apr 20,8*4a2s,3,0->1,1,
8 Apr 20,7*3a2s,2,0,0,
8 Apr 20,7*3as,5,0->1,1,
8 Apr 20,7*3a,2,2,1,
8 Apr 20,8*4a,3,3,0,
8 Apr 20,7*2a,2,1,0,
8 Apr 20,7*a,6,6,1,
8 Apr 20,8*d,2,2,0,
8 Apr 20,7*c,1,1,0,
8 Apr 20,9*2a,3,1,0,
8 Apr 20,10*s,9,0,0,
8 Apr 20,10*as,7,3,2,
8 Apr 20,10*2a,1,0,0,
8 Apr 20,12*2ag,9,9,2,
8 Apr 20,11*g,3,0,0,
8 Apr 20,12*g,1,1,1,
8 Apr 20,13*g,4,2,0,
8 Apr 20,15*2d,3,1,0,
8 Apr 20,16*m,1,0,0,
8 Apr 20,17*a,1,0,0,
8 Apr 20,19*d,7,3,0,
8 Apr 20,19*2d,1,0,0,
8 Apr 20,19*m,2,0,0,
8 Apr 20,20*a,3,3,1,
8 Apr 20,21*g,2,0,0,
8 Apr 20,23*3a,5,4,1,
8 Apr 20,25*3g,1,0,0,
9 Apr 20,3*2ag,8,8,5,
9 Apr 20,4*3a2g,12->13,8->9,7,
9 Apr 20,4*3a,10,9->10,5,
9 Apr 20,4*2a,9,5->6,1,
9 Apr 20,3*3g,2,2,0,
9 Apr 20,6*2a,1,1,0,
9 Apr 20,5*2a,1,1,0,
9 Apr 20,5*2ag,3,3,1,
9 Apr 20,5*3as,1,0,0,
9 Apr 20,5*4a,9,9,6,
9 Apr 20,6*5a,2,1,0,
9 Apr 20,5*4as,5,4,2,
9 Apr 20,7*3a3s,1,0,0,
9 Apr 20,8*4a2s,3,1,0,
9 Apr 20,7*3a2s,2,0,0,
9 Apr 20,7*3as,5,1->2,1,
9 Apr 20,7*3a,2,2,0,
9 Apr 20,8*4a,3,3,0,
9 Apr 20,7*2a,2,1,0,
9 Apr 20,7*a,6,6,6,
9 Apr 20,8*d,2,2,1,
9 Apr 20,7*c,1,1,0,
9 Apr 20,9*2a,3,1,0,
9 Apr 20,10*s,9,0->1,1,
9 Apr 20,10*as,7,3,2,
9 Apr 20,10*2a,1,0,0,
9 Apr 20,12*2ag,9,9,6,
9 Apr 20,11*g,3,0->1,1,
9 Apr 20,12*g,1,1,0,
9 Apr 20,13*g,4,2,1,
9 Apr 20,15*2d,3,1,0,
9 Apr 20,16*m,1,0,0,
9 Apr 20,17*a,1,0->1,1,
9 Apr 20,19*d,7,3,2,
9 Apr 20,19*2d,1,0,0,
9 Apr 20,19*m,2,0,0,
9 Apr 20,20*a,3,3,0,
9 Apr 20,21*g,2,0,0,
9 Apr 20,23*3a,5,4,2,
9 Apr 20,25*3g,1,0->1,1,
10 Apr 20,3*2ag,8,8,6,"3,3,3,4,7,6,8,6"
10 Apr 20,4*3a2g,13,9,6,"7,3,5,5,7,3,7,6,3"
10 Apr 20,4*3a,10,10,6,"3,3,2,5,2,5,4,5,10,11"
10 Apr 20,4*2a,9,6->8,5,"1,2,1,6,3,8,1,2"
10 Apr 20,3*3g,2,2,1,"2,4"
10 Apr 20,6*2a,1,1,0,4
10 Apr 20,5*2a,1,1,1,11
10 Apr 20,5*2ag,3,3,2,"3,6,3"
10 Apr 20,5*3as,1,0,0,
10 Apr 20,5*4a,9,9,4,"5,6,11,9,4,10,5,15,10"
10 Apr 20,6*5a,2,1,1,12
10 Apr 20,5*4as,5,4,2,12
10 Apr 20,7*3a3s,1,0,0,
10 Apr 20,8*4a2s,3,1->2,2,"2,1"
10 Apr 20,7*3a2s,2,0,0,
10 Apr 20,7*3as,5->7,2->3,2,"1,1,2"
10 Apr 20,7*3a,2,2,1,"1,9"
10 Apr 20,8*4a,3,3,2,"10,12,3"
10 Apr 20,7*2a,2,1,0,6
10 Apr 20,7*a,6,6,4,"4,5,4,5,7,4"
10 Apr 20,8*d,2,2,0,"4,2"
10 Apr 20,7*c,1,1,0,1
10 Apr 20,9*2a,3,1->2,2,"0,1,11"
10 Apr 20,10*s,9,1,0,1
10 Apr 20,10*as,7,3,1,"3,5,2"
10 Apr 20,10*2a,1,0,0,
10 Apr 20,12*2ag,9,9,4,"7,11,7,8,2,4,5,3,1"
10 Apr 20,11*g,3,1,0,1
10 Apr 20,12*g,1,1,1,5
10 Apr 20,13*g,4,2,1,"4,2"
10 Apr 20,15*2d,3,1,0,3
10 Apr 20,16*m,1,0,0,
10 Apr 20,17*a,1,1,0,1
10 Apr 20,19*d,7,3->5,4,"1,1,2,4,1"
10 Apr 20,19*2d,1,0,0,
10 Apr 20,19*m,2,0->1,1,1
10 Apr 20,20*a,3,3,2,"12,1,3"
10 Apr 20,21*g,2,0,0,
10 Apr 20,23*3a,5,4,2,"2,5,1,3,3"
10 Apr 20,25*3g,1,1,0,1
11 Apr 20,3*2ag,8,8,2,
11 Apr 20,4*3a2g,13,9,2,
11 Apr 20,4*3a,10,10,3,
11 Apr 20,4*2a,9,8,1,
11 Apr 20,3*3g,2,2,1,
11 Apr 20,6*2a,1,1,0,
11 Apr 20,5*2a,1,1,0,
11 Apr 20,5*2ag,3,3,1,
11 Apr 20,5*3as,1,0,0,
11 Apr 20,5*4a,9,9,5,
11 Apr 20,6*5a,2,1,0,
11 Apr 20,5*4as,5,4,0,
11 Apr 20,7*3a3s,1,0,0,
11 Apr 20,8*4a2s,3,2,2,
11 Apr 20,7*3a2s,2,0,0,
11 Apr 20,7*3as,7,3,1,
11 Apr 20,7*3a,2,2,0,
11 Apr 20,8*4a,3,3,0,
11 Apr 20,7*2a,2,1,0,
11 Apr 20,7*a,6,6,1,
11 Apr 20,8*d,2,2,0,
11 Apr 20,7*c,1,1,0,
11 Apr 20,9*2a,3,2,1,
11 Apr 20,10*s,9,1,0,
11 Apr 20,10*as,7,3,1,
11 Apr 20,10*2a,1,0,0,
11 Apr 20,12*2ag,9,9,4,
11 Apr 20,11*g,3,1->2,2,
11 Apr 20,12*g,1,1,1,
11 Apr 20,13*g,4,2,2,
11 Apr 20,15*2d,3,1,0,
11 Apr 20,16*m,1,0,0,
11 Apr 20,17*a,1,1,0,
11 Apr 20,19*d,7,5,2,
11 Apr 20,19*2d,1,0,0,
11 Apr 20,19*m,2,1,0,
11 Apr 20,20*a,3,3,0,
11 Apr 20,21*g,2,0,0,
11 Apr 20,23*3a,5,4,0,
11 Apr 20,25*3g,1,1,0,
12 Apr 20,3*2ag,8,8,9,
12 Apr 20,4*3a2g,13,9->11,18,
12 Apr 20,4*3a,10,10,10,
12 Apr 20,4*2a,9,8,7,
12 Apr 20,3*3g,2,2,2,
12 Apr 20,6*2a,1,1,0,
12 Apr 20,5*2a,1,1,1,
12 Apr 20,5*2ag,3,3,3,
12 Apr 20,5*3as,1,0,0,
12 Apr 20,5*4a,9,9,10,
12 Apr 20,6*5a,2,1,0,
12 Apr 20,5*4as,5,4->5,7,
12 Apr 20,7*3a3s,1,0,0,
12 Apr 20,8*4a2s,3,2,2,
12 Apr 20,7*3a2s,2,0,0,
12 Apr 20,7*3as,7,3->4,2,
12 Apr 20,7*3a,2,2,1,
12 Apr 20,8*4a,3,3,1,
12 Apr 20,7*2a,2,1,0,
12 Apr 20,7*a,6,6,9,
12 Apr 20,8*d,2,2,1,
12 Apr 20,7*c,1,1,0,
12 Apr 20,9*2a,3,2->3,2,
12 Apr 20,10*s,9,1->3,4,
12 Apr 20,10*as,7,3->5,6,
12 Apr 20,10*2a,1,0->1,1,
12 Apr 20,12*2ag,9,9,8,
12 Apr 20,11*g,3,2,0,
12 Apr 20,12*g,1,1,1,
12 Apr 20,13*g,4,2->4,3,
12 Apr 20,15*2d,3,1,0,
12 Apr 20,16*m,1,0->1,1,
12 Apr 20,17*a,1,1,1,
12 Apr 20,19*d,7,5->7,6,
12 Apr 20,19*2d,1,0,0,
12 Apr 20,19*m,2,1,1,
12 Apr 20,20*a,3,3,5,
12 Apr 20,21*g,2,0,0,
12 Apr 20,23*3a,5,4->5,7,
12 Apr 20,25*3g,1,1,1,
13 Apr 20,3*2ag,8,8,7,
13 Apr 20,4*3a2g,13,11,5,
13 Apr 20,4*3a,10,10,10,
13 Apr 20,4*2a,9,8,7,
13 Apr 20,3*3g,2,2,2,
13 Apr 20,6*2a,1,1,0,
13 Apr 20,5*2a,1,1,1,
13 Apr 20,5*2ag,3,3,3,
13 Apr 20,5*3as,1,0,0,
13 Apr 20,5*4a,9,9,10,
13 Apr 20,6*5a,2,1,0,
13 Apr 20,5*4as,5,4->5,7,
13 Apr 20,7*3a3s,1,0,0,
13 Apr 20,8*4a2s,3,2,2,
13 Apr 20,7*3a2s,2,0,0,
13 Apr 20,7*3as,7,3->4,2,
13 Apr 20,7*3a,2,2,1,
13 Apr 20,8*4a,3,3,1,
13 Apr 20,7*2a,2,1,0,
13 Apr 20,7*a,6,6,9,
13 Apr 20,8*d,2,2,1,
13 Apr 20,7*c,1,1,0,
13 Apr 20,9*2a,3,2->3,2,
13 Apr 20,10*s,9,1->3,4,
13 Apr 20,10*as,7,3->5,6,
13 Apr 20,10*2a,1,0->1,1,
13 Apr 20,12*2ag,9,9,8,
13 Apr 20,11*g,3,2,0,
13 Apr 20,12*g,1,1,1,
13 Apr 20,13*g,4,2->4,3,
13 Apr 20,15*2d,3,1,0,
13 Apr 20,16*m,1,0->1,1,
13 Apr 20,17*a,1,1,1,
13 Apr 20,19*d,7,5->7,6,
13 Apr 20,19*2d,1,0,0,
13 Apr 20,19*m,2,1,1,
13 Apr 20,20*a,3,3,5,
13 Apr 20,21*g,2,0,0,
13 Apr 20,23*3a,5,4->5,7,
13 Apr 20,25*3g,1,1,1,
14 Apr 20,3*2ag,8,8,7,
14 Apr 20,4*3a2g,13,11,11,
14 Apr 20,4*3a,10,10,7,
14 Apr 20,4*2a,9,8,7,
14 Apr 20,3*3g,2,2,0,
14 Apr 20,6*2a,1,1,0,
14 Apr 20,5*2a,1,1,1,
14 Apr 20,5*2ag,3,3,1,
14 Apr 20,5*3as,1,0,0,
14 Apr 20,5*4a,9,9,6,
14 Apr 20,6*5a,2,1->2,1,
14 Apr 20,5*4as,5,5,2,
14 Apr 20,7*3a3s,1,0,0,
14 Apr 20,8*4a2s,3,2,0,
14 Apr 20,7*3a2s,2,0,0,
14 Apr 20,7*3as,7,4->5,4,
14 Apr 20,7*3a,2,2,0,
14 Apr 20,8*4a,3,3,0,
14 Apr 20,7*2a,2,1,0,
14 Apr 20,7*a,6,6,4,
14 Apr 20,8*d,2,2,0,
14 Apr 20,7*c,1,1,0,
14 Apr 20,9*2a,3,3,2,
14 Apr 20,10*s,9,5->7,5,
14 Apr 20,10*as,7,5->6,5,
14 Apr 20,10*2a,1,1,0,
14 Apr 20,12*2ag,9,9,5,
14 Apr 20,11*g,3,3,1,
14 Apr 20,12*g,1,1,1,
14 Apr 20,13*g,4,4,3,
14 Apr 20,15*2d,3,1,0,
14 Apr 20,16*m,1,1,1,
14 Apr 20,17*a,1,1,2,
14 Apr 20,19*d,7,7,4,
14 Apr 20,19*2d,1,0,0,
14 Apr 20,19*m,2,1->2,1,
14 Apr 20,20*a,3,3,2,
14 Apr 20,21*g,2,0,0,
14 Apr 20,23*3a,5,5,3,
14 Apr 20,25*3g,1,1,1,
15 Apr 20,3*2ag,8,8,5,
15 Apr 20,4*3a2g,13,11,9,
15 Apr 20,4*3a,10,10,9,
15 Apr 20,4*2a,9,8,3,
15 Apr 20,3*3g,2,2,1,
15 Apr 20,6*2a,1,1,1,
15 Apr 20,5*2a,1,1,0,
15 Apr 20,5*2ag,3,3,1,
15 Apr 20,5*3as,1,0->1,1,
15 Apr 20,5*4a,9,9,9,
15 Apr 20,6*5a,2,2,0,
15 Apr 20,5*4as,5,5,3,
15 Apr 20,7*3a3s,1,0,0,
15 Apr 20,8*4a2s,3,2,2,
15 Apr 20,7*3a2s,2,0->1,1,
15 Apr 20,7*3as,7,5,5,
15 Apr 20,7*3a,2,2,1,
15 Apr 20,8*4a,3,3,1,
15 Apr 20,7*2a,2,1,0,
15 Apr 20,7*a,6,6,3,
15 Apr 20,8*d,2,2,0,
15 Apr 20,7*c,1,1,0,
15 Apr 20,9*2a,3,3,2,
15 Apr 20,10*s,9,7,3,
15 Apr 20,10*as,7,6,2,
15 Apr 20,10*2a,1,1,1,
15 Apr 20,12*2ag,9,9,5,
15 Apr 20,11*g,3,3,5,
15 Apr 20,12*g,1,1,0,
15 Apr 20,13*g,4,4,2,
15 Apr 20,15*2d,3,1,1,
15 Apr 20,16*m,1,1,0,
15 Apr 20,17*a,1,1,0,
15 Apr 20,19*d,7,7,3,
15 Apr 20,19*2d,1,0,0,
15 Apr 20,19*m,2,2,2,
15 Apr 20,20*a,3,3,3,
15 Apr 20,21*g,2,0->1,2,
15 Apr 20,23*3a,5,5,5,
15 Apr 20,25*3g,1,1,0,
16 Apr 20,3*2ag,8,8,3,
16 Apr 20,4*3a2g,13,11,7,
16 Apr 20,4*3a,10,10,6,
16 Apr 20,4*2a,9,8,4,
16 Apr 20,3*3g,2,2,0,
16 Apr 20,6*2a,1,1,1,
16 Apr 20,5*2a,1,1,1,
16 Apr 20,5*2ag,3,3,1,
16 Apr 20,5*3as,1,1,0,
16 Apr 20,5*4a,9,9,5,
16 Apr 20,6*5a,2,2,0,
16 Apr 20,5*4as,5,5,5,
16 Apr 20,7*3a3s,1,0,0,
16 Apr 20,8*4a2s,3,2,2,
16 Apr 20,7*3a2s,2,0->1,1,
16 Apr 20,7*3as,7,5,3,
16 Apr 20,7*3a,2,2,1,
16 Apr 20,8*4a,3,3,1,
16 Apr 20,7*2a,2,1,1,
16 Apr 20,7*a,6,6,5,
16 Apr 20,8*d,2,2,0,
16 Apr 20,7*c,1,1,0,
16 Apr 20,9*2a,3,3,3,
16 Apr 20,10*s,9,7,7,
16 Apr 20,10*as,7,6,2,
16 Apr 20,10*2a,1,1,1,
16 Apr 20,12*2ag,9,9,1,
16 Apr 20,11*g,3,3,1,
16 Apr 20,12*g,1,1,1,
16 Apr 20,13*g,4,4,4,
16 Apr 20,15*2d,3,1->2,1,
16 Apr 20,16*m,1,1,1,
16 Apr 20,17*a,1,1,1,
16 Apr 20,19*d,7,7,7,
16 Apr 20,19*2d,1,0,0,
16 Apr 20,19*m,2,2,2,
16 Apr 20,20*a,3,3,2,
16 Apr 20,21*g,2->3,1->3,2,
16 Apr 20,23*3a,5,5,5,
16 Apr 20,25*3g,1,1,2,
17 Apr 20,3*2ag,8,8,6,
17 Apr 20,4*3a2g,13,11,9,
17 Apr 20,4*3a,10,10,10,
17 Apr 20,4*2a,9,8,5,
17 Apr 20,3*3g,2,2,0,
17 Apr 20,6*2a,1,1,1,
17 Apr 20,5*2a,1,1,1,
17 Apr 20,5*2ag,3,3,2,
17 Apr 20,5*3as,1,1,1,
17 Apr 20,5*4a,9,9,5,
17 Apr 20,6*5a,2,2,1,
17 Apr 20,5*4as,5,5,4,
17 Apr 20,7*3a3s,1,0,0,
17 Apr 20,8*4a2s,3,2->3,2,
17 Apr 20,7*3a2s,2,1,0,
17 Apr 20,7*3as,7,5,2,
17 Apr 20,7*3a,2,2,1,
17 Apr 20,8*4a,3,3,0,
17 Apr 20,7*2a,2,1->2,1,
17 Apr 20,7*a,6,6,5,
17 Apr 20,8*d,2,2,2,
17 Apr 20,7*c,1,1,0,
17 Apr 20,9*2a,3,3,2,
17 Apr 20,10*s,9,7->8,6,
17 Apr 20,10*as,7,6,3,
17 Apr 20,10*2a,1,1,1,
17 Apr 20,12*2ag,9,9,3,
17 Apr 20,11*g,3,3,3,
17 Apr 20,12*g,1,1,1,
17 Apr 20,13*g,4,4,3,
17 Apr 20,15*2d,3,2,1,
17 Apr 20,16*m,1,1,1,
17 Apr 20,17*m,2,2,2,
17 Apr 20,17*a,1,1,1,
17 Apr 20,18*g,8,0,0,
17 Apr 20,19*d,7,7,4,
17 Apr 20,19*2d,1,0,0,
17 Apr 20,19*m,2,2,1,
17 Apr 20,20*a,3,3,1,
17 Apr 20,21*g,3,3,3,
17 Apr 20,23*3a,5,5,2,
17 Apr 20,25*3g,1,1,0,
18 Apr 20,1*4a,2,2,1,
18 Apr 20,2*5a,1,1,1,
18 Apr 20,3*2ag,8,8,5,
18 Apr 20,4*3a2g,13,11->12,6,
18 Apr 20,4*3a,10,10,5,
18 Apr 20,4*2a,9,8->9,6,
18 Apr 20,3*3g,2,2,1,
18 Apr 20,6*2a,1,1,0,
18 Apr 20,5*2a,1,1,0,
18 Apr 20,5*2ag,3,3,3,
18 Apr 20,5*3as,1,1,0,
18 Apr 20,5*4a,9,9,9,
18 Apr 20,6*5a,2,2,0,
18 Apr 20,5*4as,5,5,2,
18 Apr 20,7*3a3s,1,0->1,1,
18 Apr 20,8*4a2s,3,3,2,
18 Apr 20,7*3a2s,2,1,0,
18 Apr 20,7*3as,7,5,5,
18 Apr 20,7*3a,2->1,2,0,
18 Apr 20,8*4a,3,3,0,
18 Apr 20,7*2a,2,2,1,
18 Apr 20,7*a,6,6,4,
18 Apr 20,8*d,2,2,0,
18 Apr 20,7*c,1,1,0,
18 Apr 20,9*2a,3,3,1,
18 Apr 20,10*s,9,8,6,
18 Apr 20,10*as,7,6,5,
18 Apr 20,10*2a,1,1,0,
18 Apr 20,12*2ag,9,9,1,
18 Apr 20,11*g,3,3,2,
18 Apr 20,12*g,1,1,0,
18 Apr 20,13*g,4,4,3,
18 Apr 20,15*2d,3,2,1,
18 Apr 20,16*m,1,1,0,
18 Apr 20,17*m,2,2,1,
18 Apr 20,18*m,1,0,,
18 Apr 20,17*a,1,1,1,
18 Apr 20,18*g,8,0,0,
18 Apr 20,19*d,7,7,4,
18 Apr 20,19*2d,1,0,0,
18 Apr 20,19*m,2,2,2,
18 Apr 20,20*a,3,3,3,
18 Apr 20,21*g,3,3,3,
18 Apr 20,23*3a,5,5,3,
18 Apr 20,25*3g,1,1,1,
19 Apr 20,1*4a,2,2,1,
19 Apr 20,2*5a,1,1,1,
19 Apr 20,3*2ag,8,8,3,
19 Apr 20,4*3a2g,13,12->13,6,
19 Apr 20,4*3a,10,10,3,
19 Apr 20,4*2a,9,9,5,
19 Apr 20,3*3g,2,2,0,
19 Apr 20,6*2a,1,1,0,
19 Apr 20,5*2a,1,1,1,
19 Apr 20,5*2ag,3,3,1,
19 Apr 20,5*3as,1,1,1,
19 Apr 20,5*4a,9,9,1,
19 Apr 20,6*5a,2,2,1,
19 Apr 20,5*4as,5,5,3,
19 Apr 20,7*3a3s,1,1,0,
19 Apr 20,8*4a2s,3,3,1,
19 Apr 20,7*3a2s,2,1,2,
19 Apr 20,7*3as,7,5,1,
19 Apr 20,7*3a,1,1,1,
19 Apr 20,8*4a,3,3->0,0,
19 Apr 20,7*2a,2,2,0,
19 Apr 20,7*a,6,6,3,
19 Apr 20,8*d,2,2,1,
19 Apr 20,7*c,1,1->0,0,
19 Apr 20,9*2a,3,3,0,
19 Apr 20,10*s,9,8,2,
19 Apr 20,10*as,7,6,2,
19 Apr 20,10*2a,1,1,1,
19 Apr 20,12*2ag,9,9,0,
19 Apr 20,11*g,3,3,1,
19 Apr 20,12*g,1,1,1,
19 Apr 20,13*g,4,4,0,
19 Apr 20,15*2d,3,2->3,1,
19 Apr 20,16*m,1,1,1,
19 Apr 20,17*m,2,2,1,
19 Apr 20,18*m,1,0->1,1,
19 Apr 20,17*a,1,1,1,
19 Apr 20,18*g,8,0,0,
19 Apr 20,19*d,7,7,3,
19 Apr 20,19*2d,1,0,0,
19 Apr 20,19*m,2,2,0,
19 Apr 20,20*a,3,3,2,
19 Apr 20,21*g,3,3,3,
19 Apr 20,23*3a,5,5,3,
19 Apr 20,25*3g,1,1,1,
20 Apr 20,1*4a,2,2,2,
20 Apr 20,2*5a,1,1,1,
20 Apr 20,3*2ag,8,8,4,
20 Apr 20,4*3a2g,13,13,9,
20 Apr 20,4*3a,10,10,10,
20 Apr 20,4*2a,9,9,8,
20 Apr 20,3*3g,2,2,1,
20 Apr 20,6*2a,1,1,1,
20 Apr 20,5*2a,1,1,0,
20 Apr 20,5*2ag,3,3,3,
20 Apr 20,5*3as,1,1,1,
20 Apr 20,5*4a,9,9,9,
20 Apr 20,6*5a,2,2,1,
20 Apr 20,5*4as,5,5,5,
20 Apr 20,7*3a3s,1,1,1,
20 Apr 20,8*4a2s,3,3,3,
20 Apr 20,7*3a2s,2,1,0,
20 Apr 20,7*3as,7,5,6,
20 Apr 20,7*3a,1,1,1,
20 Apr 20,8*4a,3,0,0,
20 Apr 20,7*2a,2,2,2,
20 Apr 20,7*a,6,6,5,
20 Apr 20,8*d,2,2,1,
20 Apr 20,7*c,1,0,0,
20 Apr 20,9*2a,3,3,4,
20 Apr 20,10*s,9,8,8,
20 Apr 20,10*as,7,6,4,
20 Apr 20,10*2a,1,1,1,
20 Apr 20,12*2ag,9,9,2,
20 Apr 20,11*g,3,3,4,
20 Apr 20,12*g,1,1,0,
20 Apr 20,13*g,4,4,3,
20 Apr 20,15*2d,3,3,1,
20 Apr 20,16*m,1,1,1,
20 Apr 20,17*m,2,2,2,
20 Apr 20,18*m,1,1,1,
20 Apr 20,17*a,1,1,1,
20 Apr 20,18*g,8,0,0,
20 Apr 20,19*d,7,7,8,
20 Apr 20,19*2d,1,0,0,
20 Apr 20,19*m,2,2,3,
20 Apr 20,20*a,3,3,2,
20 Apr 20,21*g,3,3,5,
20 Apr 20,23*3a,5,5,4,
20 Apr 20,25*3g,1,1,1,
21 Apr 20,1*4a,2,2,2,
21 Apr 20,2*5a,1,1,0,
21 Apr 20,3*2ag,8,8,3,
21 Apr 20,4*3a2g,13,13,5,
21 Apr 20,4*3a,10,10,7,
21 Apr 20,4*2a,9,9,5,
21 Apr 20,3*3g,2,2,1,
21 Apr 20,6*2a,1,1,1,
21 Apr 20,5*2a,1,1,1,
21 Apr 20,5*2ag,3,3,2,
21 Apr 20,5*3as,1,1,0,
21 Apr 20,5*4a,9,9,3,
21 Apr 20,6*5a,2,2,0,
21 Apr 20,5*4as,5,5,3,
21 Apr 20,7*3a3s,1,1,1,
21 Apr 20,8*4a2s,3,3,2,
21 Apr 20,7*3a2s,2,1,1,
21 Apr 20,7*3as,7,5,2,
21 Apr 20,7*3a,1,1,0,
21 Apr 20,8*4a,3,0,0,
21 Apr 20,7*2a,2,2,1,
21 Apr 20,7*a,6,6,4,
21 Apr 20,8*d,2,2,1,
21 Apr 20,7*c,1,0,0,
21 Apr 20,9*2a,3,3,1,
21 Apr 20,10*s,9,8,4,
21 Apr 20,10*as,7,6,2,
21 Apr 20,10*2a,1,1,1,
21 Apr 20,12*2ag,9,9->5,0,
21 Apr 20,11*g,3,3,0,
21 Apr 20,12*g,1,1,0,
21 Apr 20,13*g,4,4,2,
21 Apr 20,15*2d,3,3->2,2,
21 Apr 20,16*m,1,1,0,
21 Apr 20,17*m,2,2,1,
21 Apr 20,18*m,1,1,1,
21 Apr 20,17*a,1,1,1,
21 Apr 20,18*g,8,0,0,
21 Apr 20,19*d,7,7,1,
21 Apr 20,19*2d,1,0,0,
21 Apr 20,19*m,2,2,1,
21 Apr 20,20*a,3,3,1,
21 Apr 20,21*g,3,3,0,
21 Apr 20,23*3a,5,5,2,
21 Apr 20,25*3g,1,1,1,
22 Apr 20,1*4a,2,2,2,
22 Apr 20,2*5a,1,1,1,
22 Apr 20,3*2ag,8,8,6,
22 Apr 20,4*3a2g,13,13,12,
22 Apr 20,4*3a,10,10,8,
22 Apr 20,4*2a,9,9,8,
22 Apr 20,3*3g,2,2,2,
22 Apr 20,6*2a,1,1,1,
22 Apr 20,5*2a,1,1->0,0,
22 Apr 20,5*2ag,3,3,4,
22 Apr 20,5*3as,1,1,2,
22 Apr 20,5*4a,9,9->7,7,
22 Apr 20,6*5a,2,2->1,1,
22 Apr 20,5*4as,5,5,4,
22 Apr 20,7*3a3s,1,1,1,
22 Apr 20,8*4a2s,3,3,4,
22 Apr 20,7*3a2s,2,1->2,2,
22 Apr 20,7*3as,7,5,6,
22 Apr 20,7*3a,1,1,2,
22 Apr 20,8*4a,3,0,0,
22 Apr 20,7*2a,2,2,2,
22 Apr 20,7*a,6,6,7,
22 Apr 20,8*d,2,2,1,
22 Apr 20,7*c,1,0,0,
22 Apr 20,9*2a,3,3->2,2,
22 Apr 20,10*s,9,8,10,
22 Apr 20,10*as,7,6,7,
22 Apr 20,10*2a,1,1,1,
22 Apr 20,12*2ag,9,5->0,0,
22 Apr 20,11*g,3,3,4,
22 Apr 20,12*g,1,1,1,
22 Apr 20,13*g,4,4->3,2,
22 Apr 20,15*2d,3,2,1,
22 Apr 20,16*m,1,1,0,
22 Apr 20,17*m,2,2,3,
22 Apr 20,18*m,1,1,1,
22 Apr 20,19*s,1,1,1,
22 Apr 20,17*a,1,1,1,
22 Apr 20,18*g,8,0,0,
22 Apr 20,19*d,7,7,8,
22 Apr 20,19*2d,1,0->1,1,
22 Apr 20,19*m,2,2,2,
22 Apr 20,20*a,3,3->1,1,
22 Apr 20,21*g,3,3,3,
22 Apr 20,23*3a,5,5,5,
22 Apr 20,25*3g,1,1,1,
23 Apr 20,1*4a,2,2,2,
23 Apr 20,2*5a,1,1,1,
23 Apr 20,3*2ag,8,8,4,
23 Apr 20,4*3a2g,13,13,13,
23 Apr 20,4*3a,10,10,6,
23 Apr 20,4*2a,9,9,7,
23 Apr 20,3*3g,2,2,0,
23 Apr 20,6*2a,1,1,1,
23 Apr 20,5*2a,1,0,0,
23 Apr 20,5*2ag,3,3,3,
23 Apr 20,5*3as,1,1,1,
23 Apr 20,5*4a,9,7->5,3,
23 Apr 20,6*5a,2,1,1,
23 Apr 20,5*4as,5,5,4,
23 Apr 20,7*3a3s,1,1,1,
23 Apr 20,8*4a2s,3,3,1,
23 Apr 20,7*3a2s,2,2,2,
23 Apr 20,7*3as,7,5,3,
23 Apr 20,7*3a,1,1,1,
23 Apr 20,8*4a,3,0,0,
23 Apr 20,7*2a,2,2->1,1,
23 Apr 20,7*a,6,6,3,
23 Apr 20,8*d,2,2->1,1,
23 Apr 20,7*c,1,0,0,
23 Apr 20,9*2a,3,2,1,
23 Apr 20,10*s,9,8,5,
23 Apr 20,10*as,7,6,3,
23 Apr 20,10*2a,1,1,1,
23 Apr 20,12*2ag,9->5,0,0,
23 Apr 20,11*g,3,3,3,
23 Apr 20,12*g,1,1->0,0,
23 Apr 20,13*g,4,3,3,
23 Apr 20,15*2d,3,2,2,
23 Apr 20,16*m,1,1,0,
23 Apr 20,17*m,2,2,1,
23 Apr 20,18*m,1,1,0,
23 Apr 20,19*s->19*m,1,1,0,
23 Apr 20,17*a,1,1,0,
23 Apr 20,18*g,8,0,0,
23 Apr 20,19*d,7,7,6,
23 Apr 20,19*2d,1,1,1,
23 Apr 20,19*m->19*2m,2,2,2,
23 Apr 20,20*a,3,1->0,0,
23 Apr 20,21*g,3,3,5,
23 Apr 20,23*3a,5,5,5,
23 Apr 20,25*3g,1,1,1,
24 Apr 20,1*4a,2,2,0,
24 Apr 20,2*5a,1,1,1,
24 Apr 20,3*2ag,8,8->3,1,
24 Apr 20,4*3a2g,13,13,5,
24 Apr 20,4*3a,10,10,6,
24 Apr 20,4*2a,9,9,3,
24 Apr 20,3*3g,2,2,1,
24 Apr 20,6*2a,1,1,0,
24 Apr 20,5*2a,1,0,0,
24 Apr 20,5*2ag,3,3,4,
24 Apr 20,5*3as,1,1,0,
24 Apr 20,5*4a,9,5->4,4,
24 Apr 20,6*5a,2,1,1,
24 Apr 20,5*4as,5,5â€“>4,2,
24 Apr 20,7*3a3s,1,1,1,
24 Apr 20,8*4a2s,3,3,2,
24 Apr 20,7*3a2s,2,2,0,
24 Apr 20,7*3as,7,5,3,
24 Apr 20,7*3a,1,1,0,
24 Apr 20,8*4a,3,0,0,
24 Apr 20,7*2a,2,1,1,
24 Apr 20,7*a,6,6,3,
24 Apr 20,8*d,2,1,1,
24 Apr 20,7*c,1,0,0,
24 Apr 20,9*2a,3,2->1,1,
24 Apr 20,10*s,9,8->9,7,
24 Apr 20,10*as,7,6,5,
24 Apr 20,10*2a,1,1,1,
24 Apr 20,12*2ag,9->5,0,0,
24 Apr 20,11*g,3,3,1,
24 Apr 20,12*g,1,0,0,
24 Apr 20,13*g,4,3->2,1,
24 Apr 20,15*2d,3,2,0,
24 Apr 20,16*m,1,1,0,
24 Apr 20,17*m,2,2,1,
24 Apr 20,18*m,1,1,1,
24 Apr 20,19*m,1,1,1,
24 Apr 20,17*a,1,1,1,
24 Apr 20,18*g,8,0,0,
24 Apr 20,19*d,7,7,4,
24 Apr 20,19*2d,1,1,0,
24 Apr 20,19*2m,2,2,2,
24 Apr 20,20*a,3,0,0,
24 Apr 20,21*g,3,3,0,
24 Apr 20,23*3a,5,5,1,
24 Apr 20,25*3g,1,1,1,
25 Apr 20,1*4a,2,2,2,
25 Apr 20,2*5a,1,1,0,
25 Apr 20,3*2ag,8,3,0,
25 Apr 20,4*3a2g,13,13,5,
25 Apr 20,4*3a,10,10->6,1,
25 Apr 20,4*2a,9,9,3,
25 Apr 20,3*3g,2,2,1,
25 Apr 20,6*2a,1,1,0,
25 Apr 20,5*2a,1,0,0,
25 Apr 20,5*2ag,3,3,2,
25 Apr 20,5*3as,1,1,1,
25 Apr 20,5*4a,9,4->2,1,
25 Apr 20,6*5a,2,1,1,
25 Apr 20,5*4as,5,4,2,
25 Apr 20,7*3a3s,1,1,1,
25 Apr 20,8*4a2s,3,3,1,
25 Apr 20,7*3a2s,2,2,1,
25 Apr 20,7*3as,7,5,4,
25 Apr 20,7*3a,1,1,1,
25 Apr 20,8*4a,3,0,0,
25 Apr 20,7*2a,2,1,1,
25 Apr 20,7*a,6,6,2,
25 Apr 20,8*d,2,1,0,
25 Apr 20,7*c,1,0,0,
25 Apr 20,9*2a,3,1,1,
25 Apr 20,10*s,9,9,4,
25 Apr 20,10*as,7,6,1,
25 Apr 20,10*2a,1,1,1,
25 Apr 20,12*2ag,9->5,0,0,
25 Apr 20,11*g,3,3,1,
25 Apr 20,12*g,1,0,0,
25 Apr 20,13*g,4,2,1,
25 Apr 20,15*2d,3,2,1,
25 Apr 20,16*m,1,1->0,0,
25 Apr 20,17*m,2,2,0,
25 Apr 20,18*m,1,1,1,
25 Apr 20,19*m,1,1,0,
25 Apr 20,17*a,1,1,0,
25 Apr 20,18*g,8,0,0,
25 Apr 20,19*d,7,7,1,
25 Apr 20,19*2d,1,1,1,
25 Apr 20,19*2m,2,2,0,
25 Apr 20,20*a,3,0,0,
25 Apr 20,21*g,3,3,3,
25 Apr 20,23*3a,5,5,3,
25 Apr 20,25*3g,1,1,0,
26 Apr 20,1*4a,2,2,2,
26 Apr 20,2*5a,1,1,1,
26 Apr 20,3*2ag,8,3,3,
26 Apr 20,4*3a2g,13,13,9,
26 Apr 20,4*3a,10,6,2,
26 Apr 20,4*2a,9,9->8,3,
26 Apr 20,3*3g,2,2->1,0,
26 Apr 20,6*2a,1,1,1,
26 Apr 20,5*2a,1,0,0,
26 Apr 20,5*2ag,3,3,2,
26 Apr 20,5*3as,1,1,1,
26 Apr 20,5*4a,9,2->1,1,
26 Apr 20,6*5a,2,1,0,
26 Apr 20,5*4as,5,4,2,
26 Apr 20,7*3a3s,1,1,1,
26 Apr 20,8*4a2s,3,3,3,
26 Apr 20,7*3a2s,2,2,3,
26 Apr 20,7*3as,7,5,3,
26 Apr 20,7*3a,1,1,1,
26 Apr 20,8*4a,3,0,0,
26 Apr 20,7*2a,2,1,1,
26 Apr 20,7*a,6,6,5,
26 Apr 20,8*d,2,1->2,2,
26 Apr 20,7*c,1,0,0,
26 Apr 20,9*2a,3,1,0,
26 Apr 20,10*s,9,9,7,
26 Apr 20,10*as,7,6,5,
26 Apr 20,10*2a,1,1,1,
26 Apr 20,12*2ag,9->5,0,0,
26 Apr 20,12*m,2,1,,
26 Apr 20,12*2a,2,0,,
26 Apr 20,12*2g,2,1,0,
26 Apr 20,11*a,2,2,2,
26 Apr 20,11*g,3,3->2,2,
26 Apr 20,12*g,1,0,0,
26 Apr 20,13*g,4,2,1,
26 Apr 20,15*2d,3,2,1,
26 Apr 20,16*m,1,0,0,
26 Apr 20,17*m,2,2,1,
26 Apr 20,18*m,1,1,0,
26 Apr 20,19*m,1,1,1,
26 Apr 20,17*a,1,1,1,
26 Apr 20,18*g,8,0,0,
26 Apr 20,19*d,7,7,3,
26 Apr 20,19*2d,1,1,1,
26 Apr 20,19*2m,2,2,2,
26 Apr 20,20*a,3,0,0,
26 Apr 20,21*g,3,3,2,
26 Apr 20,23*3a,5,5->4,2,
26 Apr 20,25*3g,1,1,1,
27 Apr 20,1*4a,2,2,1,
27 Apr 20,2*5a,1,1,0,
27 Apr 20,3*2ag,8,3->2,2,
27 Apr 20,4*3a2g,13,13->11,5,
27 Apr 20,4*3a,10,6->3,3,
27 Apr 20,4*2a,9,8->7,3,
27 Apr 20,3*3g,2,1,1,
27 Apr 20,6*2a,1,1,1,
27 Apr 20,5*2a,1,0,0,
27 Apr 20,5*2ag,3,3,3,
27 Apr 20,5*3as,1,1,1,
27 Apr 20,5*4a,9,1,1,
27 Apr 20,6*5a,2,1,1,
27 Apr 20,5*4as,5,4,3,
27 Apr 20,7*3a3s,1,1,0,
27 Apr 20,8*4a2s,3,3,2,
27 Apr 20,7*3a2s,2,2,0,
27 Apr 20,7*3as,7,5,2,
27 Apr 20,7*3a,1,1,0,
27 Apr 20,8*4a,3,0,0,
27 Apr 20,7*2a,2,1,1,
27 Apr 20,7*a,6,6->5,1,
27 Apr 20,8*d,2,1->2,2,
27 Apr 20,7*c,1,0,0,
27 Apr 20,9*2a,3,1,1,
27 Apr 20,10*s,9,9->6,3,
27 Apr 20,10*as,7,6,2,
27 Apr 20,10*2a,1,1,1,
27 Apr 20,12*2ag,9->5,0,0,
27 Apr 20,12*m,2,1,1,
27 Apr 20,12*2a->12*a,2,0,0,
27 Apr 20,12*2g,2,1,1,
27 Apr 20,11*a,2,2,1,
27 Apr 20,11*g,3,2,2,
27 Apr 20,12*g,1,0,0,
27 Apr 20,13*g,4,2,2,
27 Apr 20,15*2d,3,2,2,
27 Apr 20,17*a,1,1,1,
27 Apr 20,16*m,1,0,0,
27 Apr 20,17*m,2,2,0,
27 Apr 20,18*m,1,1,1,
27 Apr 20,19*m,1,1,1,
27 Apr 20,18*g,8,0,0,
27 Apr 20,19*d,7,7->5,2,
27 Apr 20,19*2d,1,1,0,
27 Apr 20,19*2m,2,2,2,
27 Apr 20,20*a,3,0,0,
27 Apr 20,21*g,3,3,0,
27 Apr 20,23*3a,5,4->3,2,
27 Apr 20,25*3g,1,1,1,
28 Apr 20,1*4a,2,2,1,
28 Apr 20,2*5a,1,1,1,
28 Apr 20,3*2ag,8,2->1,0,
28 Apr 20,4*3a2g,13,11,5,
28 Apr 20,4*3a,10,3->1,1,
28 Apr 20,4*2a,9,7->3,4,
28 Apr 20,3*3g,2,1->0,0,
28 Apr 20,6*2a,1,1,0,
28 Apr 20,5*2a,1,0,0,
28 Apr 20,5*2ag,3,3,3,
28 Apr 20,5*3as,1,1,0,
28 Apr 20,5*4a,9,1->0,0,
28 Apr 20,6*5a,2,1,1,
28 Apr 20,5*4as,5,4->2,1,
28 Apr 20,7*3a3s,1,1,1,
28 Apr 20,8*4a2s,3,3,3,
28 Apr 20,7*3a2s,2,2,2,
28 Apr 20,7*3as,7,5,5,
28 Apr 20,7*3a,1,1,1,
28 Apr 20,8*4a,3,0,0,
28 Apr 20,7*2a,2,1,1,
28 Apr 20,7*a,6,5,3,
28 Apr 20,8*d,2,2->1,1,
28 Apr 20,7*c,1,0,0,
28 Apr 20,9*2a,3,1,1,
28 Apr 20,10*s,9,6,4,
28 Apr 20,10*as,7,6->4,2,
28 Apr 20,10*2a,1,1,0,
28 Apr 20,12*2ag,9->5,0,0,
28 Apr 20,12*m,2,1,1,
28 Apr 20,12*a,2,0,0,
28 Apr 20,12*2g,2,1->2,2,
28 Apr 20,11*a,2,2->1,1,
28 Apr 20,11*g,3,2->1,0,
28 Apr 20,12*g,1,0,0,
28 Apr 20,13*g,4,2->0,0,
28 Apr 20,15*2d,3,2,1,
28 Apr 20,17*a,1,1,1,
28 Apr 20,16*m,1,0,0,
28 Apr 20,17*m,2,2->0,0,
28 Apr 20,18*m,1,1,1,
28 Apr 20,19*m,1,1,0,
28 Apr 20,18*g,8,0->1,1,
28 Apr 20,19*d,7,5->4,2,
28 Apr 20,19*2d,1,1,1,
28 Apr 20,19*2m,2,2,2,
28 Apr 20,20*a,3,0,0,
28 Apr 20,21*g,3,3â€“>2,2,
28 Apr 20,23*3a,5,3,1,
28 Apr 20,25*3g,1,1,0,
29 Apr 20,1*4a,2,2,1,
29 Apr 20,2*5a,1,1,0,
29 Apr 20,3*2ag,8,1,0,
29 Apr 20,4*3a2g,13,11->4,0,
29 Apr 20,4*3a,10,1->0,0,
29 Apr 20,4*2a,9,3->1,1,
29 Apr 20,3*3g,2,0,0,
29 Apr 20,6*2a,1,1,0,
29 Apr 20,5*2a,1,0,0,
29 Apr 20,5*2ag,3,3,0,
29 Apr 20,5*3as,1,1,0,
29 Apr 20,5*4a,9,0,0,
29 Apr 20,6*5a,2,1,0,
29 Apr 20,5*4as,5,2,1,
29 Apr 20,7*3a3s,1,1,1,
29 Apr 20,8*4a2s,3,3,0,
29 Apr 20,7*3a2s,2,2,0,
29 Apr 20,7*3as,7,5,2,
29 Apr 20,7*3a,1,1,0,
29 Apr 20,8*4a,3,0,0,
29 Apr 20,7*2a,2,1,0,
29 Apr 20,7*a,6,5,1,
29 Apr 20,8*d,2,1,0,
29 Apr 20,7*c,1,0,0,
29 Apr 20,9*2a,3,1,0,
29 Apr 20,10*s,9,6,2,
29 Apr 20,10*as,7,4,0,
29 Apr 20,10*2a,1,1,1,
29 Apr 20,12*2ag,5,0,0,
29 Apr 20,12*m,2,1,0,
29 Apr 20,12*a,2,0,0,
29 Apr 20,12*2g,2->3,2,0,
29 Apr 20,11*a,2,1,0,
29 Apr 20,11*g,3,1,1,
29 Apr 20,12*g,1,0,0,
29 Apr 20,13*g,4,0,0,
29 Apr 20,15*2d,3,2,0,
29 Apr 20,17*a,1,1,0,
29 Apr 20,16*m,1,0,0,
29 Apr 20,17*m,2,0,0,
29 Apr 20,18*m,1,1,0,
29 Apr 20,19*m,1,1,1,
29 Apr 20,18*g,8,1,0,
29 Apr 20,19*d,7,4,2,
29 Apr 20,19*2d,1,1,0,
29 Apr 20,19*2m,2,2,0,
29 Apr 20,20*a,3,0,0,
29 Apr 20,21*g,3,2,0,
29 Apr 20,23*3a,5,3->2,0,
29 Apr 20,25*3g,1,1,0,
30 Apr 20,1*4a,2,2,3,
30 Apr 20,2*5a,1,1->0,0,
30 Apr 20,3*2ag,8,1,1,
30 Apr 20,4*3a2g,13,4,3,
30 Apr 20,4*3a,10,0,0,
30 Apr 20,4*2a,9,3,2,
30 Apr 20,3*3g,2,0,0,
30 Apr 20,6*2a,1,1,1,
30 Apr 20,5*2a,1,0,0,
30 Apr 20,5*2ag,3,3,5,
30 Apr 20,5*3as,1,1,2,
30 Apr 20,5*4a,9,0,0,
30 Apr 20,6*5a,2,1,1,
30 Apr 20,5*4as,5,2,1,
30 Apr 20,7*3a3s,1,1,1,
30 Apr 20,8*4a2s,3,3,4,
30 Apr 20,7*3a2s,2,2,2,
30 Apr 20,7*3as,7,5,5,
30 Apr 20,7*3a,1,1,1,
30 Apr 20,8*4a,3,0,0,
30 Apr 20,7*2a,2,1,1,
30 Apr 20,7*a,6,5->1,1,
30 Apr 20,8*d,2,1,1,
30 Apr 20,8*2d,2,1,1,
30 Apr 20,7*c,1,0,0,
30 Apr 20,9*2a,3,1,1,
30 Apr 20,10*s,9,6->5,4,
30 Apr 20,10*as,7,4,5,
30 Apr 20,10*2a,1,1,0,
30 Apr 20,12*2ag,5,0,0,
30 Apr 20,12*m,2,1,1,
30 Apr 20,12*a,2,0->1,1,
30 Apr 20,12*2g,3,2,4,
30 Apr 20,11*a,2,1,2,
30 Apr 20,11*g,3,1,1,
30 Apr 20,12*g,1,0,0,
30 Apr 20,13*g,4,0,0,
30 Apr 20,15*2d,3,2,3,
30 Apr 20,17*a,1,1,1,
30 Apr 20,16*m,1,0,0,
30 Apr 20,17*m,2,0,0,
30 Apr 20,18*m,1,1,1,
30 Apr 20,19*m,1,1,1,
30 Apr 20,18*g,8,1->2,1,
30 Apr 20,19*d,7,4->2,1,
30 Apr 20,19*2d,1,1,3,
30 Apr 20,19*2m,2,2,2,
30 Apr 20,20*a,3,0,0,
30 Apr 20,21*g,3,2,3,
30 Apr 20,23*3a,5,2,2,
30 Apr 20,25*3g,1,1,1,
1 May 20,1*4a,2,1,3,
1 May 20,2*5a,1,0,0,
1 May 20,3*2ag,8,1->0,0,
1 May 20,4*3a2g,13,4->3,2,
1 May 20,4*3a,10,0,0,
1 May 20,4*2a,9,3->2,1,
1 May 20,3*3g,2,0,0,
1 May 20,6*2a,1,1,1,
1 May 20,5*2a,1,0,0,
1 May 20,5*2ag,3,3,2,
1 May 20,5*3as,1,1,0,
1 May 20,5*4a,9,0,0,
1 May 20,6*5a,2,1,0,
1 May 20,5*4as,5,2,1,
1 May 20,7*3a3s,1,1,1,
1 May 20,8*4a2s,3,3,1,
1 May 20,7*3a2s,2,2,2,
1 May 20,7*3as,7,5,4,
1 May 20,7*3a,1,1,1,
1 May 20,8*4a,3,0,0,
1 May 20,7*2a,2,1->0,0,
1 May 20,7*a,6,1->0,0,
1 May 20,8*2d,2,1,1,
1 May 20,8*d,2,1->0,0,
1 May 20,7*c,1,0,0,
1 May 20,9*2a,3,1,1,
1 May 20,10*s,9,5,5,
1 May 20,10*as,7,4->3,2,
1 May 20,10*2a,1,1,1,
1 May 20,12*2ag,5,0,0,
1 May 20,12*m,2,1->2,2,
1 May 20,12*a,2,1,1,
1 May 20,12*2g,3,2,1,
1 May 20,11*a,2,1,0,
1 May 20,11*g,3,1,0,
1 May 20,12*g,1,0,0,
1 May 20,13*g,4,0,0,
1 May 20,15*2d,3,2,2,
1 May 20,17*a,1,1->0,0,
1 May 20,16*m,1,0,0,
1 May 20,17*m,2,0,0,
1 May 20,18*m,1,1,0,
1 May 20,19*m,1,1,0,
1 May 20,18*g,8,2,1,
1 May 20,19*d,7,2,2,
1 May 20,19*2d,1,1,0,
1 May 20,19*2m,2,2,2,
1 May 20,20*a,3,0,0,
1 May 20,21*g,3,2,1,
1 May 20,23*3a,5,2->0,0,
1 May 20,25*3g,1,1,1,
2 May 20,1*4a,2,1,1,
2 May 20,2*5a,1,0,0,
2 May 20,3*2ag,8,0,0,
2 May 20,4*3a2g,13,3->2,2,
2 May 20,4*3a,10,0,0,
2 May 20,4*2a,9,2->1,1,
2 May 20,3*3g,2,0,0,
2 May 20,6*2a,1,1->0,0,
2 May 20,5*2a,1,0,0,
2 May 20,5*2ag,3,3->2,2,
2 May 20,5*3as,1,1,1,
2 May 20,5*4a,9,0,0,
2 May 20,6*5a,2,1,1,
2 May 20,5*4as,5,2->1,1,
2 May 20,7*3a3s,1,1,0,
2 May 20,8*4a2s,3,3,2,
2 May 20,7*3a2s,2,2,0,
2 May 20,7*3as,7,5->3,3,
2 May 20,7*3a,1,1,1,
2 May 20,8*4a,3,0,0,
2 May 20,7*2a,2,0,0,
2 May 20,7*a,6,0,0,
2 May 20,8*2d,2,1,1,
2 May 20,8*d,2,0,0,
2 May 20,7*c,1,0,0,
2 May 20,9*2a,3,1,1,
2 May 20,10*s,9,5->4,1,
2 May 20,10*as,7,3->2,1,
2 May 20,10*2a,1,1->0,0,
2 May 20,12*2ag,5,0,0,
2 May 20,12*m,2,2,0,
2 May 20,12*a,2,1,0,
2 May 20,12*2g,3,2,2,
2 May 20,11*a,2,1,1,
2 May 20,11*g,3,1,1,
2 May 20,12*g,1,0,0,
2 May 20,13*g,4,0,0,
2 May 20,15*2d,3,2,1,
2 May 20,17*a,1,0,0,
2 May 20,16*m,1,0,0,
2 May 20,17*m,2,0,0,
2 May 20,18*m,1,1,1,
2 May 20,19*m,1,1,0,
2 May 20,18*g,8,2,1,
2 May 20,19*d,7,2->0,0,
2 May 20,19*2d,1,1,0,
2 May 20,19*2m,2,2,0,
2 May 20,20*a,3,0,0,
2 May 20,21*g,3,2->1,1,
2 May 20,23*3a,5,0,0,
2 May 20,25*3g,1,1,0,
3 May 20,1*4a,2,1,0,
3 May 20,2*5a,1,0,0,
3 May 20,3*2ag,8,0,0,
3 May 20,4*3a2g,13,2->0,0,
3 May 20,4*3a,10,0,0,
3 May 20,4*2a,9,1->0,0,
3 May 20,3*3g,2,0,0,
3 May 20,6*2a,1,0,0,
3 May 20,5*2a,1,0,0,
3 May 20,5*2ag,3,2,2,
3 May 20,5*3as,1,1,1,
3 May 20,5*4a,9,0,0,
3 May 20,6*5a,2,1,0,
3 May 20,5*4as,5,1->0,0,
3 May 20,7*3a3s,1,1,1,
3 May 20,8*4a2s,3,3->2,2,
3 May 20,7*3a2s,2,2,2,
3 May 20,7*3as,7,3,2,
3 May 20,7*3a,1,1,1,
3 May 20,8*4a,3,0,0,
3 May 20,7*2a,2,0,0,
3 May 20,7*a,6,0,0,
3 May 20,8*2d,2,1,1,
3 May 20,8*d,2,0,0,
3 May 20,7*c,1,0,0,
3 May 20,9*2a,3,1,0,
3 May 20,10*s,9,4->3,3,
3 May 20,10*as,7,2,2,
3 May 20,10*2a,1,0,0,
3 May 20,12*2ag,5,0,0,
3 May 20,12*m,2,2,2,
3 May 20,12*a,2,1,1,
3 May 20,12*2g,3,2,1,
3 May 20,11*a,2,1,1,
3 May 20,11*g,3,1->0,0,
3 May 20,12*g,1,0,0,
3 May 20,13*g,4,0,0,
3 May 20,15*2d,3,2,1,
3 May 20,17*a,1,0,0,
3 May 20,16*m,1,0,0,
3 May 20,17*m,2,0,0,
3 May 20,18*m,1,1->0,0,
3 May 20,19*m,1,1,1,
3 May 20,18*g,8,2->5,5,
3 May 20,19*d,7,0,0,
3 May 20,19*2d,1,1,1,
3 May 20,19*2m,2,2,2,
3 May 20,20*a,3,0,0,
3 May 20,21*g,3,1,1,
3 May 20,23*3a,5,0,0,
3 May 20,25*3g,1,1,0,
4 May 20,1*4a,2,1,1,
4 May 20,2*5a,1,0,0,
4 May 20,3*2ag,8,0,0,
4 May 20,4*3a2g,13,0,0,
4 May 20,4*3a,10,0,0,
4 May 20,4*2a,9,0,0,
4 May 20,3*3g,2,0,0,
4 May 20,6*2a,1,0,0,
4 May 20,5*2a,1,0,0,
4 May 20,5*2ag,3,2,2,
4 May 20,5*3as,1,1,0,
4 May 20,5*4a,9,0,0,
4 May 20,6*5a,2,1,0,
4 May 20,5*4as,5,0,0,
4 May 20,7*3a3s,1,1,1,
4 May 20,8*4a2s,3,2->1,0,
4 May 20,7*3a2s,2,2,0,
4 May 20,7*3as,7,3,1,
4 May 20,7*3a,1,1,1,
4 May 20,8*4a,3,0,0,
4 May 20,7*2a,2,0,0,
4 May 20,7*a,6,0,0,
4 May 20,8*2d,2,1->2,0,
4 May 20,8*d,2,0,0,
4 May 20,7*c,1,0,0,
4 May 20,9*2a,3,1,0,
4 May 20,10*s,9,3->0,0,
4 May 20,10*as,7,2,1,
4 May 20,10*2a,1,0,0,
4 May 20,12*2ag,5,0,0,
4 May 20,12*m,2,2,1,
4 May 20,12*a,2,1,1,
4 May 20,12*2g,3,2,2,
4 May 20,11*a,2,1,1,
4 May 20,11*g,3,0,0,
4 May 20,12*g,1,0,0,
4 May 20,13*g,4,0,0,
4 May 20,15*2d,3,2,2,
4 May 20,17*a,1,0,0,
4 May 20,16*m,1,0,0,
4 May 20,17*m,2,0,0,
4 May 20,18*m,1,0,0,
4 May 20,18*g,8,5->7,7,
4 May 20,19*m,1,1->0,0,
4 May 20,19*d,7,0,0,
4 May 20,19*2d,1,1,0,
4 May 20,19*2m,2,2,1,
4 May 20,20*a,3,0,0,
4 May 20,21*g,3,1,0,
4 May 20,23*3a,5,0,0,
4 May 20,25*3g,1,1,0,
5 May 20,1*4a,2,1,1,
5 May 20,2*5a,1,0,0,
5 May 20,3*2ag,8,0,0,
5 May 20,4*3a2g,13,0,0,
5 May 20,4*3a,10,0,0,
5 May 20,4*2a,9,0,0,
5 May 20,3*3g,2,0,0,
5 May 20,6*2a,1,0,0,
5 May 20,5*2a,1,0,0,
5 May 20,5*2ag,3,2,0,
5 May 20,5*3as,1,1,1,
5 May 20,5*4a,9,0,0,
5 May 20,6*5a,2,1,0,
5 May 20,5*4as,5,0,0,
5 May 20,7*3a3s,1,1,0,
5 May 20,8*4a2s,3,1,1,
5 May 20,7*3a2s,2,2,1,
5 May 20,7*3as,7,3,2,
5 May 20,7*3a,1,1,0,
5 May 20,8*4a,3,0,0,
5 May 20,7*2a,2,0,0,
5 May 20,7*a,6,0,0,
5 May 20,8*2d,2,2,1,
5 May 20,8*d,2,0,0,
5 May 20,7*c,1,0,0,
5 May 20,9*2a,3,1,1,
5 May 20,10*s,9,0,0,
5 May 20,10*as,7,2->1,0,
5 May 20,10*2a,1,0,0,
5 May 20,12*2ag,5,0,0,
5 May 20,12*m,2,2,0,
5 May 20,12*a,2,1,0,
5 May 20,12*2g,3,2,0,
5 May 20,11*a,2,1->0,0,
5 May 20,11*g,3,0,0,
5 May 20,12*g,1,0,0,
5 May 20,13*g,4,0,0,
5 May 20,15*2d,3,2,0,
5 May 20,17*a,1,0,0,
5 May 20,16*m,1,0,0,
5 May 20,17*m,2,0,0,
5 May 20,18*m,1,0,0,
5 May 20,18*g,8,7,2,
5 May 20,19*m,1,0,0,
5 May 20,19*d,7,0,0,
5 May 20,19*2d,1,1,0,
5 May 20,19*2m,2,2,1,
5 May 20,20*a,3,0,0,
5 May 20,21*g,3,1,1,
5 May 20,23*3a,5,0,0,
5 May 20,25*3g,1,1,0,
6 May 20,1*4a,2,1,1,
6 May 20,2*5a,1,0,0,
6 May 20,3*2ag,8,0,0,
6 May 20,4*3a2g,13,0,0,
6 May 20,4*3a,10,0,0,
6 May 20,4*2a,9,0,0,
6 May 20,3*3g,2,0,0,
6 May 20,6*2a,1,0,0,
6 May 20,5*2a,1,0,0,
6 May 20,5*2ag,3,2,1,
6 May 20,5*3as,1,1,0,
6 May 20,5*4a,9,0,0,
6 May 20,6*5a,2,1,1,
6 May 20,5*4as,5,0,0,
6 May 20,7*3a3s,1,1,1,
6 May 20,8*4a2s,3,1,0,
6 May 20,7*3a2s,2,2->1,1,
6 May 20,7*3as,7,3->2,1,
6 May 20,7*3a,1,1,1,
6 May 20,8*4a,3,0,0,
6 May 20,7*2a,2,0,0,
6 May 20,7*a,6,0,0,
6 May 20,8*2d,2,2,1,
6 May 20,8*d,2,0,0,
6 May 20,7*c,1,0,0,
6 May 20,9*2a,3,1->0,0,
6 May 20,10*s,9,0,0,
6 May 20,10*as,7,1,1,
6 May 20,10*2a,1,0,0,
6 May 20,12*2ag,5,0,0,
6 May 20,12*m,2,2,2,
6 May 20,12*a,2,1,0,
6 May 20,12*2g,3,2,2,
6 May 20,11*a,2,0,0,
6 May 20,11*g,3,0,0,
6 May 20,12*g,1,0,0,
6 May 20,13*g,4,0,0,
6 May 20,15*2d,3,2,0,
6 May 20,17*a,1,0,0,
6 May 20,16*m,1,0,0,
6 May 20,17*m,2,0,0,
6 May 20,18*m,1,0,0,
6 May 20,18*g,8,7,4,
6 May 20,19*m,1,0,0,
6 May 20,19*d,7,0,0,
6 May 20,19*2d,1,1,0,
6 May 20,19*2m,2,2,1,
6 May 20,20*a,3,0,0,
6 May 20,21*g,3,1,0,
6 May 20,23*3a,5,0,0,
6 May 20,25*3g,1,1,0,
7 May 20,1*4a,2,1,1,
7 May 20,2*5a,1,0,0,
7 May 20,3*2ag,8,0,0,
7 May 20,4*3a2g,13,0,0,
7 May 20,4*3a,10,0,0,
7 May 20,4*2a,9,0,0,
7 May 20,3*3g,2,0,0,
7 May 20,6*2a,1,0,0,
7 May 20,5*2a,1,0,0,
7 May 20,5*2ag,3,2,2,
7 May 20,5*3as,1,1,1,
7 May 20,5*4a,9,0,0,
7 May 20,6*5a,2,1,1,
7 May 20,5*4as,5,0,0,
7 May 20,7*3a3s,1,1,1,
7 May 20,8*4a2s,3,1,1,
7 May 20,7*3a2s,2,1->0,0,
7 May 20,7*3as,7,2,2,
7 May 20,7*3a,1,1->0,0,
7 May 20,8*4a,3,0,0,
7 May 20,7*2a,2,0,0,
7 May 20,7*a,6,0,0,
7 May 20,8*2d,2,2->1,1,
7 May 20,8*d,2,0,0,
7 May 20,7*c,1,0,0,
7 May 20,9*2a,3,0,0,
7 May 20,10*s,9,0,0,
7 May 20,10*as,7,1,0,
7 May 20,10*2a,1,0,0,
7 May 20,12*2ag,5,0,0,
7 May 20,12*m,2,2,1,
7 May 20,12*a,2,1,0,
7 May 20,12*2g,3,2,2,
7 May 20,11*a,2,0,0,
7 May 20,11*g,3,0,0,
7 May 20,12*g,1,0,0,
7 May 20,13*g,4,0,0,
7 May 20,15*2d,3,2,2,
7 May 20,17*a,1,0,0,
7 May 20,16*m,1,0,0,
7 May 20,17*m,2,0,0,
7 May 20,18*m,1,0,0,
7 May 20,18*g,8,7,6,
7 May 20,19*m,1,0,0,
7 May 20,19*d,7,0,0,
7 May 20,19*2d,1,1,1,
7 May 20,19*2m,2,2,1,
7 May 20,20*a,3,0,0,
7 May 20,21*g,3,1,1,
7 May 20,23*3a,5,0,0,
7 May 20,25*3g,1,1,0,
8 May 20,1*4a,2,1,1,
8 May 20,2*5a,1,0,0,
8 May 20,3*2ag,8,0,0,
8 May 20,4*3a2g,13,0,0,
8 May 20,4*3a,10,0,0,
8 May 20,4*2a,9,0,0,
8 May 20,3*3g,2,0,0,
8 May 20,6*2a,1,0,0,
8 May 20,5*2a,1,0,0,
8 May 20,5*2ag,3,2,2,
8 May 20,5*3as,1,1,1,
8 May 20,5*4a,9,0,0,
8 May 20,6*5a,2,1,1,
8 May 20,5*4as,5,0,0,
8 May 20,7*3a3s,1,1,1,
8 May 20,8*4a2s,3,1,1,
8 May 20,7*3a2s,2,1->0,0,
8 May 20,7*3as,7,2,2,
8 May 20,7*3a,1,1->0,0,
8 May 20,8*4a,3,0,0,
8 May 20,7*2a,2,0,0,
8 May 20,7*a,6,0,0,
8 May 20,8*2d,2,2->1,1,
8 May 20,8*d,2,0,0,
8 May 20,7*c,1,0,0,
8 May 20,9*2a,3,0,0,
8 May 20,10*s,9,0,0,
8 May 20,10*as,7,1,0,
8 May 20,10*2a,1,0,0,
8 May 20,12*2ag,5,0,0,
8 May 20,12*m,2,2,1,
8 May 20,12*a,2,1,0,
8 May 20,12*2g,3,2,2,
8 May 20,11*a,2,0,0,
8 May 20,11*g,3,0,0,
8 May 20,12*g,1,0,0,
8 May 20,13*g,4,0,0,
8 May 20,15*2d,3,2,2,
8 May 20,17*a,1,0,0,
8 May 20,16*m,1,0,0,
8 May 20,17*m,2,0,0,
8 May 20,18*m,1,0,0,
8 May 20,18*g,8,7,6,
8 May 20,19*m,1,0,0,
8 May 20,19*d,7,0,0,
8 May 20,19*2d,1,1,1,
8 May 20,19*2m,2,2,1,
8 May 20,20*a,3,0,0,
8 May 20,21*g,3,1,1,
8 May 20,23*3a,5,0,0,
8 May 20,25*3g,1,1,0,
9 May 20,1*4a,2,1,1,
9 May 20,2*5a,1,0,0,
9 May 20,3*2ag,8,0,0,
9 May 20,4*3a2g,13,0,0,
9 May 20,4*3a,10,0,0,
9 May 20,4*2a,9,0,0,
9 May 20,3*3g,2,0,0,
9 May 20,6*2a,1,0,0,
9 May 20,5*2a,1,0,0,
9 May 20,5*2ag,3,2->1,1,
9 May 20,5*3as,1,1,0,
9 May 20,5*4a,9,0,0,
9 May 20,6*5a,2,1,1,
9 May 20,5*4as,5,0,0,
9 May 20,7*3a3s,1,1,1,
9 May 20,8*4a2s,3,1,0,
9 May 20,7*3a2s,2,0,0,
9 May 20,7*3as,7,1,1,
9 May 20,7*3a,1,0,0,
9 May 20,8*4a,3,0,0,
9 May 20,7*2a,2,0,0,
9 May 20,7*a,6,0,0,
9 May 20,8*2d,2,1,1,
9 May 20,8*d,2,0,0,
9 May 20,7*c,1,0,0,
9 May 20,9*2a,3,0,0,
9 May 20,10*s,9,0,0,
9 May 20,10*as,7,1,1,
9 May 20,10*2a,1,0,0,
9 May 20,12*2ag,5,0,0,
9 May 20,12*m,2,2,1,
9 May 20,12*a,2,1,1,
9 May 20,12*2g,3,3,3,
9 May 20,11*a,2,0,0,
9 May 20,11*g,3,0,0,
9 May 20,12*g,1,0,0,
9 May 20,13*g,4,0,0,
9 May 20,15*2d,3,0,0,
9 May 20,17*a,1,0,0,
9 May 20,16*m,1,0,0,
9 May 20,17*m,2,0,0,
9 May 20,18*m,1,0,0,
9 May 20,18*g,8,7,8,
9 May 20,19*m,1,0,0,
9 May 20,19*d,7,0,0,
9 May 20,19*2d,1,1,1,
9 May 20,19*2m,2,1->0,0,
9 May 20,20*a,3,0,0,
9 May 20,21*g,3,0,0,
9 May 20,23*3a,5,0,0,
9 May 20,25*3g,1,1,1,
10 May 20,1*4a,2,1,0,
10 May 20,2*5a,1,0,0,
10 May 20,3*2ag,8,0,0,
10 May 20,4*3a2g,13,0,0,
10 May 20,4*3a,10,0,0,
10 May 20,4*2a,9,0,0,
10 May 20,3*3g,2,0,0,
10 May 20,6*2a,1,0,0,
10 May 20,5*2a,1,0,0,
10 May 20,5*2ag,3,1->0,0,
10 May 20,5*3as,1,1,1,
10 May 20,5*4a,9,0,0,
10 May 20,6*5a,2,1->0,0,
10 May 20,5*4as,5,0,0,
10 May 20,7*3a3s,1,1,1,
10 May 20,8*4a2s,3,1,1,
10 May 20,7*3a2s,2,0,0,
10 May 20,7*3as,7,1,0,
10 May 20,7*3a,1,0,0,
10 May 20,8*4a,3,0,0,
10 May 20,7*2a,2,0,0,
10 May 20,7*a,6,0,0,
10 May 20,8*2d,2,1,0,
10 May 20,8*d,2,0,0,
10 May 20,7*c,1,0,0,
10 May 20,9*2a,3,0,0,
10 May 20,10*s,9,0,0,
10 May 20,10*as,7,1,0,
10 May 20,10*2a,1,0,0,
10 May 20,12*2ag,5,0,0,
10 May 20,12*m,2,2,0,
10 May 20,12*a,2,1,0,
10 May 20,12*2g,3,3,1,
10 May 20,11*a,2,0,0,
10 May 20,11*g,3,0,0,
10 May 20,12*g,1,0,0,
10 May 20,13*g,4,0,0,
10 May 20,15*2d,3,0,0,
10 May 20,17*a,1,0,0,
10 May 20,16*m,1,0,0,
10 May 20,17*m,2,0,0,
10 May 20,18*m,1,0,0,
10 May 20,18*g,8,7,4,
10 May 20,19*m,1,0,0,
10 May 20,19*d,7,0,0,
10 May 20,19*2d,1,1,0,
10 May 20,19*2m,2,0,0,
10 May 20,20*a,3,0,0,
10 May 20,21*g,3,0,0,
10 May 20,23*3a,5,0,0,
10 May 20,25*3g,1,1,0,
11 May 20,1*4a,2,1,0,
11 May 20,2*5a,1,0,0,
11 May 20,3*2ag,8,0,0,
11 May 20,4*3a2g,13,0,0,
11 May 20,4*3a,10,0,0,
11 May 20,4*2a,9,0,0,
11 May 20,3*3g,2,0,0,
11 May 20,6*2a,1,0,0,
11 May 20,5*2a,1,0,0,
11 May 20,5*2ag,3,0,0,
11 May 20,5*3as,1,1,1,
11 May 20,5*4a,9,0,0,
11 May 20,6*5a,2,0,0,
11 May 20,5*4as,5,0,0,
11 May 20,7*3a3s,1,1,1,
11 May 20,8*4a2s,3,1->0,0,
11 May 20,7*3a2s,2,0,0,
11 May 20,7*3as,7,1,1,
11 May 20,7*3a,1,0,0,
11 May 20,8*4a,3,0,0,
11 May 20,7*2a,2,0,0,
11 May 20,7*a,6,0,0,
11 May 20,8*2d,2,1,1,
11 May 20,8*d,2,0,0,
11 May 20,7*c,1,0,0,
11 May 20,9*2a,3,0,0,
11 May 20,10*s,9,0,0,
11 May 20,10*as,7,1,0,
11 May 20,10*2a,1,0,0,
11 May 20,12*2ag,5,0,0,
11 May 20,12*m,2,2->1,0,
11 May 20,12*a,2,1,0,
11 May 20,12*2g,3,3,0,
11 May 20,11*a,2,0,0,
11 May 20,11*g,3,0,0,
11 May 20,12*g,1,0,0,
11 May 20,13*g,4,0,0,
11 May 20,15*2d,3,0,0,
11 May 20,17*a,1,0,0,
11 May 20,16*m,1,0,0,
11 May 20,17*m,2,0,0,
11 May 20,18*m,1,0,0,
11 May 20,18*g,8,7,4,
11 May 20,19*m,1,0,0,
11 May 20,19*d,7,0,0,
11 May 20,19*2d,1,1->0,0,
11 May 20,19*2m,2,0,0,
11 May 20,20*a,3,0,0,
11 May 20,21*g,3,0,0,
11 May 20,23*3a,5,0,0,
11 May 20,25*3g,1,1,1,
12 May 20,1*4a,2,1,1,
12 May 20,2*5a,1,0,0,
12 May 20,3*2ag,8,0,0,
12 May 20,4*3a2g,13,0,0,
12 May 20,4*3a,10,0,0,
12 May 20,4*2a,9,0,0,
12 May 20,3*3g,2,0,0,
12 May 20,6*2a,1,0,0,
12 May 20,5*2a,1,0,0,
12 May 20,5*2ag,3,0,0,
12 May 20,5*3as,1,1,1,
12 May 20,5*4a,9,0,0,
12 May 20,6*5a,2,0,0,
12 May 20,5*4as,5,0,0,
12 May 20,7*3a3s,1,1,0,
12 May 20,8*4a2s,3,0,0,
12 May 20,7*3a2s,2,0,0,
12 May 20,7*3as,7,1,1,
12 May 20,7*3a,1,0,0,
12 May 20,8*4a,3,0,0,
12 May 20,7*2a,2,0,0,
12 May 20,7*a,6,0,0,
12 May 20,8*2d,2,1,1,
12 May 20,8*d,2,0,0,
12 May 20,7*c,1,0,0,
12 May 20,9*2a,3,0,0,
12 May 20,10*s,9,0,0,
12 May 20,10*as,7,1->0,0,
12 May 20,10*2a,1,0,0,
12 May 20,12*2ag,5,0,0,
12 May 20,12*m,2,1,0,
12 May 20,12*a,2,1,0,
12 May 20,12*2g,3,3,2,
12 May 20,11*a,2,0,0,
12 May 20,11*g,3,0,0,
12 May 20,12*g,1,0,0,
12 May 20,13*g,4,0,0,
12 May 20,15*2d,3,0,0,
12 May 20,17*a,1,0,0,
12 May 20,16*m,1,0,0,
12 May 20,17*m,2,0,0,
12 May 20,18*m,1,0,0,
12 May 20,18*g,8,7,6,
12 May 20,19*m,1,0,0,
12 May 20,19*d,7,0,0,
12 May 20,19*2d,1,0,0,
12 May 20,19*2m,2,0,0,
12 May 20,20*a,3,0,0,
12 May 20,21*g,3,0,0,
12 May 20,23*3a,5,0,0,
12 May 20,25*3g,1,1,0,
13 May 20,1*4a,2,1->0,0,
13 May 20,2*5a,1,0,0,
13 May 20,3*2ag,8,0,0,
13 May 20,4*3a2g,13,0,0,
13 May 20,4*3a,10,0,0,
13 May 20,4*2a,9,0,0,
13 May 20,3*3g,2,0,0,
13 May 20,6*2a,1,0,0,
13 May 20,5*2a,1,0,0,
13 May 20,5*2ag,3,0,0,
13 May 20,5*3as,1,1,0,
13 May 20,5*4a,9,0,0,
13 May 20,6*5a,2,0,0,
13 May 20,5*4as,5,0,0,
13 May 20,7*3a3s,1,1,1,
13 May 20,8*4a2s,3,0,0,
13 May 20,7*3a2s,2,0,0,
13 May 20,7*3as,7,1,0,
13 May 20,7*3a,1,0,0,
13 May 20,8*4a,3,0,0,
13 May 20,7*2a,2,0,0,
13 May 20,7*a,6,0,0,
13 May 20,8*2d,2,1,0,
13 May 20,8*d,2,0,0,
13 May 20,7*c,1,0,0,
13 May 20,9*2a,3,0,0,
13 May 20,10*s,9,0,0,
13 May 20,10*as,7,0,0,
13 May 20,10*2a,1,0,0,
13 May 20,12*2ag,5,0,0,
13 May 20,12*m,2,1,0,
13 May 20,12*a,2,1,0,
13 May 20,12*2g,3,3->2,1,
13 May 20,11*a,2,0,0,
13 May 20,11*g,3,0,0,
13 May 20,12*g,1,0,0,
13 May 20,13*g,4,0,0,
13 May 20,15*2d,3,0,0,
13 May 20,17*a,1,0,0,
13 May 20,16*m,1,0,0,
13 May 20,17*m,2,0,0,
13 May 20,18*m,1,0,0,
13 May 20,18*g,8,7,2,
13 May 20,19*m,1,0,0,
13 May 20,19*d,7,0,0,
13 May 20,19*2d,1,0,0,
13 May 20,19*2m,2,0,0,
13 May 20,20*a,3,0,0,
13 May 20,21*g,3,0,0,
13 May 20,23*3a,5,0,0,
13 May 20,25*3g,1,1,0,
14 May 20,1*4a,2,0,0,
14 May 20,2*5a,1,0,0,
14 May 20,3*2ag,8,0,0,
14 May 20,4*3a2g,13,0,0,
14 May 20,4*3a,10,0,0,
14 May 20,4*2a,9,0,0,
14 May 20,3*3g,2,0,0,
14 May 20,6*2a,1,0,0,
14 May 20,5*2a,1,0,0,
14 May 20,5*2ag,3,0,0,
14 May 20,5*3as,1,1,1,
14 May 20,5*4a,9,0,0,
14 May 20,6*5a,2,0,0,
14 May 20,5*4as,5,0,0,
14 May 20,7*3a3s,1,1,1,
14 May 20,8*4a2s,3,0,0,
14 May 20,7*3a2s,2,0,0,
14 May 20,7*3as,7,1,1,
14 May 20,7*3a,1,0,0,
14 May 20,8*4a,3,0,0,
14 May 20,7*2a,2,0,0,
14 May 20,7*a,6,0,0,
14 May 20,8*2d,2,1,2,
14 May 20,8*d,2,0,0,
14 May 20,7*c,1,0,0,
14 May 20,9*2a,3,0,0,
14 May 20,10*s,9,0,0,
14 May 20,10*as,7,0,0,
14 May 20,10*2a,1,0,0,
14 May 20,12*2ag,5,0,0,
14 May 20,12*m,2,1,0,
14 May 20,12*a,2,1,0,
14 May 20,12*2g,3,2->1,1,
14 May 20,11*a,2,0,0,
14 May 20,11*g,3,0,0,
14 May 20,12*g,1,0,0,
14 May 20,13*g,4,0,0,
14 May 20,15*2d,3,0,0,
14 May 20,17*a,1,0,0,
14 May 20,16*m,1,0,0,
14 May 20,17*m,2,0,0,
14 May 20,18*m,1,0,0,
14 May 20,18*g,8,7,6,
14 May 20,19*m,1,0,0,
14 May 20,19*d,7,0,0,
14 May 20,19*2d,1,0,0,
14 May 20,19*2m,2,0,0,
14 May 20,20*a,3,0,0,
14 May 20,21*g,3,0,0,
14 May 20,23*3a,5,0,0,
14 May 20,25*3g,1,1,1,
15 May 20,1*4a,2,0,0,
15 May 20,2*5a,1,0,0,
15 May 20,3*2ag,8,0,0,
15 May 20,4*3a2g,13,0,0,
15 May 20,4*3a,10,0,0,
15 May 20,4*2a,9,0,0,
15 May 20,3*3g,2,0,0,
15 May 20,6*2a,1,0,0,
15 May 20,5*2a,1,0,0,
15 May 20,5*2ag,3,0,0,
15 May 20,5*3as,1,1,0,
15 May 20,5*4a,9,0,0,
15 May 20,6*5a,2,0,0,
15 May 20,5*4as,5,0,0,
15 May 20,7*3a3s,1,1,0,
15 May 20,8*4a2s,3,0,0,
15 May 20,7*3a2s,2,0,0,
15 May 20,7*3as,5,1->0,0,
15 May 20,7*3a,2,0,0,
15 May 20,8*4a,3,0,0,
15 May 20,7*2a,2,0,0,
15 May 20,7*a,6,0,0,
15 May 20,8*2d,2,1,0,
15 May 20,8*d,2,0,0,
15 May 20,7*c,1,0,0,
15 May 20,9*2a,3,0,0,
15 May 20,10*s,9,0,0,
15 May 20,10*as,7,0,0,
15 May 20,10*2a,1,0,0,
15 May 20,12*2ag,5,0,0,
15 May 20,12*m,2,1,0,
15 May 20,12*a,2,1,0,
15 May 20,12*2g,3,1->0,0,
15 May 20,11*a,2,0,0,
15 May 20,11*g,3,0,0,
15 May 20,12*g,1,0,0,
15 May 20,13*g,4,0,0,
15 May 20,15*2d,3,0,0,
15 May 20,17*a,1,0,0,
15 May 20,16*m,1,0,0,
15 May 20,17*m,2,0,0,
15 May 20,18*m,1,0,0,
15 May 20,18*g,8,7,4,
15 May 20,19*m,1,0,0,
15 May 20,19*d,7,0,0,
15 May 20,19*2d,1,0,0,
15 May 20,19*2m,2,0,0,
15 May 20,20*a,3,0,0,
15 May 20,21*g,3,0,0,
15 May 20,23*3a,5,0,0,
15 May 20,25*3g,1,1,1,
16 May 20,1*4a,2,0,0,
16 May 20,2*5a,1,0,0,
16 May 20,3*2ag,8,0,0,
16 May 20,4*3a2g,13,0,0,
16 May 20,4*3a,10,0,0,
16 May 20,4*2a,9,0,0,
16 May 20,3*3g,2,0,0,
16 May 20,6*2a,1,0,0,
16 May 20,5*2a,1,0,0,
16 May 20,5*2ag,3,0,0,
16 May 20,5*3as,1,1,1,
16 May 20,5*4a,9,0,0,
16 May 20,6*5a,2,0,0,
16 May 20,5*4as,5,0,0,
16 May 20,7*3a3s,1,1,1,
16 May 20,8*4a2s,3,0,0,
16 May 20,7*3a2s,2,0,0,
16 May 20,7*3as,5,0,0,
16 May 20,7*3a,2,0,0,
16 May 20,8*4a,3,0,0,
16 May 20,7*2a,2,0,0,
16 May 20,7*a,6,0,0,
16 May 20,8*2d,2,1,0,
16 May 20,8*d,2,0,0,
16 May 20,7*c,1,0,0,
16 May 20,9*2a,3,0,0,
16 May 20,10*s,9,0,0,
16 May 20,10*as,7,0,0,
16 May 20,10*2a,1,0,0,
16 May 20,12*2ag,5,0,0,
16 May 20,12*m,2,1,0,
16 May 20,12*a,2,1,0,
16 May 20,12*2g,3,0,0,
16 May 20,11*a,2,0,0,
16 May 20,11*g,3,0,0,
16 May 20,12*g,1,0,0,
16 May 20,13*g,4,0,0,
16 May 20,15*2d,3,0,0,
16 May 20,17*a,1,0,0,
16 May 20,16*m,1,0,0,
16 May 20,17*m,2,0,0,
16 May 20,18*m,1,0,0,
16 May 20,18*g,8,7->5,3,
16 May 20,19*m,1,0,0,
16 May 20,19*d,7,0,0,
16 May 20,19*2d,1,0,0,
16 May 20,19*2m,2,0,0,
16 May 20,20*a,3,0,0,
16 May 20,21*g,3,0,0,
16 May 20,23*3a,5,0,0,
16 May 20,25*3g,1,1->0,0,
17 May 20,1*4a,2,0,0,
17 May 20,2*5a,1,0,0,
17 May 20,3*2ag,8,0,0,
17 May 20,4*3a2g,13,0,0,
17 May 20,4*3a,10,0,0,
17 May 20,4*2a,9,0,0,
17 May 20,3*3g,2,0,0,
17 May 20,6*2a,1,0,0,
17 May 20,5*2a,1,0,0,
17 May 20,5*2ag,3,0,0,
17 May 20,5*3as,1,1,0,
17 May 20,5*4a,9,0,0,
17 May 20,6*5a,2,0,0,
17 May 20,5*4as,5,0,0,
17 May 20,7*3a3s,1,1,0,
17 May 20,8*4a2s,3,0,0,
17 May 20,7*3a2s,2,0,0,
17 May 20,7*3as,5,0,0,
17 May 20,7*3a,2,0,0,
17 May 20,8*4a,3,0,0,
17 May 20,7*2a,2,0,0,
17 May 20,7*a,6,0,0,
17 May 20,8*2d,2,1,1,
17 May 20,8*d,2,0,0,
17 May 20,7*c,1,0,0,
17 May 20,9*2a,3,0,0,
17 May 20,10*s,9,0,0,
17 May 20,10*as,7,0,0,
17 May 20,10*2a,1,0,0,
17 May 20,12*2ag,5,0,0,
17 May 20,12*m,2,1,0,
17 May 20,12*a,2,1,1,
17 May 20,12*2g,3,0,0,
17 May 20,11*a,2,0,0,
17 May 20,11*g,3,0,0,
17 May 20,12*g,1,0,0,
17 May 20,13*g,4,0,0,
17 May 20,15*2d,3,0,0,
17 May 20,17*a,1,0,0,
17 May 20,16*m,1,0,0,
17 May 20,17*m,2,0,0,
17 May 20,18*m,1,0,0,
17 May 20,18*g,8,5,1,
17 May 20,19*m,1,0,0,
17 May 20,19*d,7,0,0,
17 May 20,19*2d,1,0,0,
17 May 20,19*2m,2,0,0,
17 May 20,20*a,3,0,0,
17 May 20,21*g,3,0,0,
17 May 20,23*3a,5,0,0,
17 May 20,25*3g,1,0,0,
18 May 20,1*4a,2,0,0,
18 May 20,2*5a,1,0,0,
18 May 20,3*2ag,8,0,0,
18 May 20,4*3a2g,13,0,0,
18 May 20,4*3a,10,0,0,
18 May 20,4*2a,9,0,0,
18 May 20,3*3g,2,0,0,
18 May 20,6*2a,1,0,0,
18 May 20,5*2a,1,0,0,
18 May 20,5*2ag,3,0,0,
18 May 20,5*3as,1,1,0,
18 May 20,5*4a,9,0,0,
18 May 20,6*5a,2,0,0,
18 May 20,5*4as,5,0,0,
18 May 20,7*3a3s,1,1,1,
18 May 20,8*4a2s,3,0,0,
18 May 20,7*3a2s,2,0,0,
18 May 20,7*3as,5,0,0,
18 May 20,7*3a,2,0,0,
18 May 20,8*4a,3,0,0,
18 May 20,7*2a,2,0,0,
18 May 20,7*a,6,0,0,
18 May 20,8*2d,2,1,0,
18 May 20,8*d,2,0,0,
18 May 20,7*c,1,0,0,
18 May 20,9*2a,3,0,0,
18 May 20,10*s,9,0,0,
18 May 20,10*as,7,0,0,
18 May 20,10*2a,1,0,0,
18 May 20,12*2ag,5,0,0,
18 May 20,12*m,2,1,0,
18 May 20,12*a,2,1,0,
18 May 20,12*2g,3,0,0,
18 May 20,11*a,2,0,0,
18 May 20,11*g,3,0,0,
18 May 20,12*g,1,0,0,
18 May 20,13*g,4,0,0,
18 May 20,15*2d,3,0,0,
18 May 20,17*a,1,0,0,
18 May 20,16*m,1,0,0,
18 May 20,17*m,2,0,0,
18 May 20,18*m,1,0,0,
18 May 20,18*g,8,5,4,
18 May 20,19*m,1,0,0,
18 May 20,19*d,7,0,0,
18 May 20,19*2d,1,0,0,
18 May 20,19*2m,2,0,0,
18 May 20,20*a,3,0,0,
18 May 20,21*g,3,0,0,
18 May 20,23*3a,5,0,0,
18 May 20,25*3g,1,0,0,
19 May 20,1*4a,2,0,0,
19 May 20,2*5a,1,0,0,
19 May 20,3*2ag,8,0,0,
19 May 20,4*3a2g,13,0,0,
19 May 20,4*3a,10,0,0,
19 May 20,4*2a,9,0,0,
19 May 20,3*3g,2,0,0,
19 May 20,6*2a,1,0,0,
19 May 20,5*2a,1,0,0,
19 May 20,5*2ag,3,0,0,
19 May 20,5*3as,1,1,1,
19 May 20,5*4a,9,0,0,
19 May 20,6*5a,2,0,0,
19 May 20,5*4as,5,0,0,
19 May 20,7*3a3s,1,1,0,
19 May 20,8*4a2s,3,0,0,
19 May 20,7*3a2s,2,0,0,
19 May 20,7*3as,5,0,0,
19 May 20,7*3a,2,0,0,
19 May 20,8*4a,3,0,0,
19 May 20,7*2a,2,0,0,
19 May 20,7*a,6,0,0,
19 May 20,8*2d,2,1,1,
19 May 20,8*d,2,0,0,
19 May 20,7*c,1,0,0,
19 May 20,9*2a,3,0,0,
19 May 20,10*s,9,0,0,
19 May 20,10*as,7,0,0,
19 May 20,10*2a,1,0,0,
19 May 20,12*2ag,5,0,0,
19 May 20,12*m,2,1,0,
19 May 20,12*a,2,1,0,
19 May 20,12*2g,3,0,0,
19 May 20,11*a,2,0,0,
19 May 20,11*g,3,0,0,
19 May 20,12*g,1,0,0,
19 May 20,13*g,4,0,0,
19 May 20,15*2d,3,0,0,
19 May 20,17*a,1,0,0,
19 May 20,16*m,1,0,0,
19 May 20,17*m,2,0,0,
19 May 20,18*m,1,0,0,
19 May 20,18*g,8,5->4,1,
19 May 20,19*m,1,0,0,
19 May 20,19*d,7,0,0,
19 May 20,19*2d,1,0,0,
19 May 20,19*2m,2,0,0,
19 May 20,20*a,3,0,0,
19 May 20,21*g,3,0,0,
19 May 20,23*3a,5,0,0,
19 May 20,25*3g,1,0,0,
20 May 20,1*4a,2,0,0,
20 May 20,2*5a,1,0,0,
20 May 20,3*2ag,8,0,0,
20 May 20,4*3a2g,13,0,0,
20 May 20,4*3a,10,0,0,
20 May 20,4*2a,9,0,0,
20 May 20,3*3g,2,0,0,
20 May 20,6*2a,1,0,0,
20 May 20,5*2a,1,0,0,
20 May 20,5*2ag,3,0,0,
20 May 20,5*3as,1,1->0,0,
20 May 20,5*4a,9,0,0,
20 May 20,6*5a,2,0,0,
20 May 20,5*4as,5,0,0,
20 May 20,7*3a3s,1,1->0,0,
20 May 20,8*4a2s,3,0,0,
20 May 20,7*3a2s,2,0,0,
20 May 20,7*3as,5,0,0,
20 May 20,7*3a,2,0,0,
20 May 20,8*4a,3,0,0,
20 May 20,7*2a,2,0,0,
20 May 20,7*a,6,0,0,
20 May 20,8*2d,2,1->0,0,
20 May 20,8*d,2,0,0,
20 May 20,7*c,1,0,0,
20 May 20,9*2a,3,0,0,
20 May 20,10*s,9,0,0,
20 May 20,10*as,7,0,0,
20 May 20,10*2a,1,0,0,
20 May 20,12*2ag,5,0,0,
20 May 20,12*m,2,1,1,
20 May 20,12*a,2,1,0,
20 May 20,12*2g,3,0,0,
20 May 20,11*a,2,0,0,
20 May 20,11*g,3,0,0,
20 May 20,12*g,1,0,0,
20 May 20,13*g,4,0,0,
20 May 20,15*2d,3,0,0,
20 May 20,17*a,1,0,0,
20 May 20,16*m,1,0,0,
20 May 20,17*m,2,0,0,
20 May 20,18*m,1,0,0,
20 May 20,18*g,8,4->3,3,
20 May 20,19*m,1,0,0,
20 May 20,19*d,7,0,0,
20 May 20,19*2d,1,0,0,
20 May 20,19*2m,2,0,0,
20 May 20,20*a,3,0,0,
20 May 20,21*g,3,0,0,
20 May 20,23*3a,5,0,0,
20 May 20,25*3g,1,0,0,
21 May 20,1*4a,2,0,0,
21 May 20,2*5a,1,0,0,
21 May 20,3*2ag,8,0,0,
21 May 20,4*3a2g,13,0,0,
21 May 20,4*3a,10,0,0,
21 May 20,4*2a,9,0,0,
21 May 20,3*3g,2,0,0,
21 May 20,6*2a,1,0,0,
21 May 20,5*2a,1,0,0,
21 May 20,5*2ag,3,0,0,
21 May 20,5*3as,1,0,0,
21 May 20,5*4a,9,0,0,
21 May 20,6*5a,2,0,0,
21 May 20,5*4as,5,0,0,
21 May 20,7*3a3s,1,0,0,
21 May 20,8*4a2s,3,0,0,
21 May 20,7*3a2s,2,0,0,
21 May 20,7*3as,5,0,0,
21 May 20,7*3a,2,0,0,
21 May 20,8*4a,3,0,0,
21 May 20,7*2a,2,0,0,
21 May 20,7*a,6,0,0,
21 May 20,8*2d,2,0,0,
21 May 20,8*d,2,0,0,
21 May 20,7*c,1,0,0,
21 May 20,9*2a,3,0,0,
21 May 20,10*s -> 10*m,9,0,0,
21 May 20,10*as,7,0,0,
21 May 20,10*2a,1,0,0,
21 May 20,10*2m,1,0,,
21 May 20,12*2ag,5,0,0,
21 May 20,12*m,2,1->0,0,
21 May 20,12*a,2,1,0,
21 May 20,12*2g,3,0,0,
21 May 20,11*a,2,0,0,
21 May 20,11*g,3,0,0,
21 May 20,12*g,1,0,0,
21 May 20,13*g,4,0,0,
21 May 20,15*2d,3,0,0,
21 May 20,17*a,1,0,0,
21 May 20,16*m,1,0,0,
21 May 20,17*m,2,0,0,
21 May 20,18*m,1,0,0,
21 May 20,18*g,8,3,0,
21 May 20,19*m,1,0,0,
21 May 20,19*d,7,0,0,
21 May 20,19*2d,1,0,0,
21 May 20,19*2m,2,0,0,
21 May 20,20*a,3,0,0,
21 May 20,21*g,3,0,0,
21 May 20,23*3a,5,0,0,
21 May 20,25*3g,1,0,0,
22 May 20,1*4a,2,0,0,
22 May 20,2*5a,1,0,0,
22 May 20,3*2ag,8,0,0,
22 May 20,4*3a2g,13,0,0,
22 May 20,4*3a,10,0,0,
22 May 20,4*2a,9,0,0,
22 May 20,3*3g,2,0,0,
22 May 20,6*2a,1,0,0,
22 May 20,5*2a,1,0,0,
22 May 20,5*2ag,3,0,0,
22 May 20,5*3as,1,0,0,
22 May 20,5*4a,9,0,0,
22 May 20,6*5a,2,0,0,
22 May 20,5*4as,5,0,0,
22 May 20,7*3a3s,1,0,0,
22 May 20,8*4a2s,3,0,0,
22 May 20,7*3a2s,2,0,0,
22 May 20,7*3as,5,0,0,
22 May 20,7*3a,2,0,0,
22 May 20,8*4a,3,0,0,
22 May 20,7*2a,2,0,0,
22 May 20,7*a,6,0,0,
22 May 20,8*2d,2,0,0,
22 May 20,8*d,2,0,0,
22 May 20,7*c,1,0,0,
22 May 20,9*2a,3,0,0,
22 May 20,10*s -> 10*m,9,0,0,
22 May 20,10*as,7,0,0,
22 May 20,10*2a,1,0,0,
22 May 20,10*2m,1,0,,
22 May 20,12*2ag,5,0,0,
22 May 20,12*m,2,0,0,
22 May 20,12*a,2,1,0,
22 May 20,12*2g,3,0,0,
22 May 20,11*a,2,0,0,
22 May 20,11*g,3,0,0,
22 May 20,12*g,1,0,0,
22 May 20,13*g,4,0,0,
22 May 20,15*2d,3,0,0,
22 May 20,17*a,1,0,0,
22 May 20,16*m,1,0,0,
22 May 20,17*m,2,0,0,
22 May 20,18*m,1,0,0,
22 May 20,18*g,8,3,2,
22 May 20,19*m,1,0,0,
22 May 20,19*d,7,0,0,
22 May 20,19*2d,1,0,0,
22 May 20,19*2m,2,0,0,
22 May 20,20*a,3,0,0,
22 May 20,21*g,3,0,0,
22 May 20,23*3a,5,0,0,
22 May 20,25*3g,1,0,0,
23 May 20,1*4a,2,0,0,
23 May 20,2*5a,1,0,0,
23 May 20,3*2ag,8,0,0,
23 May 20,4*3a2g,13,0,0,
23 May 20,4*3a,10,0,0,
23 May 20,4*2a,9,0,0,
23 May 20,3*3g,2,0,0,
23 May 20,6*2a,1,0,0,
23 May 20,5*2a,1,0,0,
23 May 20,5*2ag,3,0,0,
23 May 20,5*3as,1,0,0,
23 May 20,5*4a,9,0,0,
23 May 20,6*5a,2,0,0,
23 May 20,5*4as,5,0,0,
23 May 20,7*3a3s,1,0,0,
23 May 20,8*4a2s,3,0,0,
23 May 20,7*3a2s,2,0,0,
23 May 20,7*3as,5,0,0,
23 May 20,7*3a,2,0,0,
23 May 20,8*4a,3,0,0,
23 May 20,7*2a,2,0,0,
23 May 20,7*a,6,0,0,
23 May 20,8*2d,2,0,0,
23 May 20,8*d,2,0,0,
23 May 20,7*c,1,0,0,
23 May 20,9*2a,3,0,0,
23 May 20,10*s -> 10*m,9,0,0,
23 May 20,10*as->10*2m,7,0,0,
23 May 20,10*2a,1,0,0,
23 May 20,10*2m->10*3m,1,1,1,
23 May 20,12*2ag,5,0,0,
23 May 20,12*m,2,0,0,
23 May 20,12*a,2,1,1,
23 May 20,12*2g,3,0,0,
23 May 20,11*a,2,0,0,
23 May 20,11*g,3,0,0,
23 May 20,12*g,1,0,0,
23 May 20,13*g,4,0,0,
23 May 20,15*2d,3,0,0,
23 May 20,17*a,1,0,0,
23 May 20,16*m,1,0,0,
23 May 20,17*m,2,0,0,
23 May 20,18*m,1,0,0,
23 May 20,18*g,8,3->2,2,
23 May 20,19*m,1,0,0,
23 May 20,19*d,7,0,0,
23 May 20,19*2d,1,0,0,
23 May 20,19*2m,2,0,0,
23 May 20,20*a,3,0,0,
23 May 20,21*g,3,0,0,
23 May 20,23*3a,5,0,0,
23 May 20,25*3g,1,0,0,
24 May 20,1*4a,2,0,0,
24 May 20,2*5a,1,0,0,
24 May 20,3*2ag,8,0,0,
24 May 20,4*3a2g,13,0,0,
24 May 20,4*3a,10,0,0,
24 May 20,4*2a,9,0,0,
24 May 20,3*3g,2,0,0,
24 May 20,6*2a,1,0,0,
24 May 20,5*2a,1,0,0,
24 May 20,5*2ag,3,0,0,
24 May 20,5*3as,1,0,0,
24 May 20,5*4a,9,0,0,
24 May 20,6*5a,2,0,0,
24 May 20,5*4as,5,0,0,
24 May 20,7*3a3s,1,0,0,
24 May 20,8*4a2s,3,0,0,
24 May 20,7*3a2s,2,0,0,
24 May 20,7*3as,5,0,0,
24 May 20,7*3a,2,0,0,
24 May 20,8*4a,3,0,0,
24 May 20,7*2a,2,0,0,
24 May 20,7*a,6,0,0,
24 May 20,8*2d,2,0,0,
24 May 20,8*d,2,0,0,
24 May 20,7*c,1,0,0,
24 May 20,9*2a,3,0,0,
24 May 20,10*s -> 10*m,9,0,0,
24 May 20,10*as->10*2m,7,0,0,
24 May 20,10*2a,1,0,0,
24 May 20,10*2m->10*3m,1,1,0,
24 May 20,12*2ag,5,0,0,
24 May 20,12*m,2,0,0,
24 May 20,12*a,2,1,0,
24 May 20,12*2g,3,0,0,
24 May 20,11*a,2,0,0,
24 May 20,11*g,3,0,0,
24 May 20,12*g,1,0,0,
24 May 20,13*g,4,0,0,
24 May 20,15*2d,3,0,0,
24 May 20,17*a,1,0,0,
24 May 20,16*m,1,0,0,
24 May 20,17*m,2,0,0,
24 May 20,18*m,1,0,0,
24 May 20,18*g,8,2->1,0,
24 May 20,19*m,1,0,0,
24 May 20,19*d,7,0,0,
24 May 20,19*2d,1,0,0,
24 May 20,19*2m,2,0,0,
24 May 20,20*a,3,0,0,
24 May 20,21*g,3,0,0,
24 May 20,23*3a,5,0,0,
24 May 20,25*3g,1,0,0,
25 May 20,1*4a,2,0,0,613
25 May 20,2*5a,1,0,0,7
25 May 20,3*2ag,8,0,0,"12,13,14,13,11,8,11,6"
25 May 20,4*3a2g,13,0,0,"3,3,10,12,3,8,7,9,12,9,11,9,8"
25 May 20,4*3a,10,0,0,"9,10,10,9,10,10,12,15,15,9"
25 May 20,4*2a,9,0,0,"7,9,7,10,8,12,8,7,8"
25 May 20,3*3g,2,0,0,"5,9"
25 May 20,6*2a,1,0,0,12
25 May 20,5*2a,1,0,0,15
25 May 20,5*2ag,3,0,0,"1,11,421"
25 May 20,5*3as,1,0,0,15
25 May 20,5*4a,9,0,0,"11,13,12,12,12,15,8,23,19"
25 May 20,6*5a,2,0,0,"11,9"
25 May 20,5*4as,5,0,0,"12,9,19,9,14"
25 May 20,7*3a3s,1,0,0,13
25 May 20,8*4a2s,3,0,0,"1,21,314"
25 May 20,7*3a2s,2,0,0,"11,6"
25 May 20,7*3as,5,0,0,"19,15,9,12,12"
25 May 20,7*3a,2,0,0,120
25 May 20,8*4a,3,0,0,"9,3,12"
25 May 20,7*2a,2,0,0,"8,8"
25 May 20,7*a,6,0,0,"11,9,11,11,14,11"
25 May 20,8*2d,2,0,0,310
25 May 20,8*d,2,0,0,"7,9"
25 May 20,7*c,1,0,0,1
25 May 20,9*2a,3,0,0,"41,313"
25 May 20,10*s -> 10*m,9,0,0,"9,4,10,8,11,10,12,9,1"
25 May 20,10*as->10*2m,7,0,0,"10,11,9,5,10,4"
25 May 20,10*2a,1,0,0,12
25 May 20,10*2m->10*3m,1,1,0,
25 May 20,12*2ag,5,0,0,"6,15,11,3,2"
25 May 20,12*m,2,0,0,"7,5"
25 May 20,12*a,2,1,1,
25 May 20,12*2g,3,0,0,"2,8,11"
25 May 20,11*a,2,0,0,"1,7"
25 May 20,11*g,3,0,0,"13,12,7"
25 May 20,12*g,1,0,0,10
25 May 20,13*g,4,0,0,"10,9,8,8"
25 May 20,15*2d,3,0,0,"8,8,5"
25 May 20,17*a,1,0,0,14
25 May 20,16*m,1,0,0,0
25 May 20,17*m,2,0,0,"2,1"
25 May 20,18*m,1,0,0,8
25 May 20,18*g,8,1,1,"3,13,10,3,1,7,5,8"
25 May 20,19*m,1,0,0,6
25 May 20,19*d,7,0,0,"9,8,7,9,8,9,6"
25 May 20,19*2d,1,0,0,8
25 May 20,19*2m,2,0,0,"1,110"
25 May 20,20*a,3,0,0,"9,9,14"
25 May 20,21*g,3,0,0,"9,13,7"
25 May 20,23*3a,5,0,0,"10,12,5,8,7"
25 May 20,25*3g,1,0,0,18